SPECIES,QUAD,XCO,YCO,DBH2013,DBH2015,DBH2017,DBH2019,DBH2021,GROWTH1315,GROWTH1517,GROWTH1719,GROWTH1921,DBH2021PREDICTED,GROWTH2123,DBH2023IMPUTED,CLASS2013,CLASS2015,CLASS2017,CLASS2019,CLASS2021,CLASS2023,,0,0
DACRR1,1,9.7,10.9,20.4,19.8,20.2,20,20.1,-0.6,0.4,-0.2,0.1,,-0.1,20,4,3,4,4,4,4,,1,1
KOOMMA,1,10.7,11.6,99,99,99,99.3,99.3,0,0,0.3,0,,0.1,99.4,9,9,9,9,9,9,,5,2
NAUCOF,1,10.5,11.8,0,11,11.4,12,12.8,11,0.4,0.6,0.8,,0.6,13.4,0,3,3,3,3,3,,10,3
SHORL1,1,3.9,10.8,20.5,22.9,24.9,26,27.4,2.4,2,1.1,1.4,,1.7,29.1,4,4,4,4,4,4,,20,4
GREWMI,1,1.6,13.7,22.4,23.8,24.3,24.8,25.7,1.4,0.5,0.5,0.9,,0.8,26.5,4,4,4,4,4,4,,30,5
ARTOIS,1,19.5,12.2,0,13.6,14.2,14.6,14.7,13.6,0.6,0.4,0.1,,0.4,15.1,0,3,3,3,3,3,,40,6
APORCO,1,19.1,12,0,12.7,13.3,13.8,12.8,12.7,0.6,0.5,-1,,0,12.8,0,3,3,3,3,3,,50,7
SHORM1,1,18.2,12.8,0,11.7,12.9,13.6,13.3,11.7,1.2,0.7,-0.3,,0.5,13.8,0,3,3,3,3,3,,60,8
ALANRI,1,19,11.2,16.4,16.4,16.6,16.5,15.4,0,0.2,-0.1,-1.1,,-0.3,15.1,3,3,3,3,3,3,,70,9
PORTAN,1,19.1,10.6,0,12.8,13.1,13.1,12.4,12.8,0.3,0,-0.7,,-0.1,12.3,0,3,3,3,3,3,,,
SHORP2,1,18.6,19,0,0,12.8,12.9,13.1,0,12.8,0.1,0.2,,0.2,13.3,0,0,3,3,3,3,,,
DIPTC1,1,19.7,10.6,28.4,28.2,28.7,30.3,30,-0.2,0.5,1.6,-0.3,,0.4,30.4,4,4,4,5,5,5,,,
MACALO,1,20,10.5,0,12.6,12.6,12.4,12.6,12.6,0,-0.2,0.2,,0,12.6,0,3,3,3,3,3,,,
EUGEFL,1,14.3,6.4,39.8,39.1,39.8,40.3,39.1,-0.7,0.7,0.5,-1.2,,-0.2,38.9,5,5,5,6,5,5,,,
XERONO,1,14.5,7.5,0,13.1,13.2,13.3,13.4,13.1,0.1,0.1,0.1,,0.1,13.5,0,3,3,3,3,3,,,
APORBR,1,16,8,0,13.2,13.5,14.4,13.6,13.2,0.3,0.9,-0.8,,0.1,13.7,0,3,3,3,3,3,,,
CROTLA,1,15.6,6.4,0,10.9,11.1,11.4,11.4,10.9,0.2,0.3,0,,0.2,11.6,0,3,3,3,3,3,,,
PTYCCO,1,15.6,1.1,15,13.3,13.3,13.3,13.6,-1.7,0,0,0.3,,-0.4,13.2,3,3,3,3,3,3,,,
DIPTC1,1,15.7,0.7,31.1,31.8,32.8,34.1,35.7,0.7,1,1.3,1.6,,1.2,36.9,5,5,5,5,5,5,,,
DIOSNU,1,16.2,0.5,0,11,11.2,11.3,11.6,11,0.2,0.1,0.3,,0.2,11.8,0,3,3,3,3,3,,,
KNEMMA,1,14.6,0,26.5,25.9,25.9,25.7,26,-0.6,0,-0.2,0.3,,-0.1,25.9,4,4,4,4,4,4,,,
ARCHDI,1,8.5,1.2,17.9,18.4,18.5,18.7,19.4,0.5,0.1,0.2,0.7,,0.4,19.8,3,3,3,3,3,3,,,
XYLOM2,1,8.8,1.4,14.2,14.6,16.5,14.6,14.9,0.4,1.9,-1.9,0.3,,0.2,15.1,3,3,3,3,3,3,,,
SHORM1,2,32.3,2.8,60.6,61.5,61.7,62.6,62.6,0.9,0.2,0.9,0,63,0.5,63.1,8,8,8,8,8,8,,,
SANTAP,2,31,1.2,0,11.2,12.7,12.9,13,11.2,1.5,0.2,0.1,,0.6,13.6,0,3,3,3,3,3,,,
HORSCR,2,28.5,1,0,11.2,11.8,11.9,12.1,11.2,0.6,0.1,0.2,,0.3,12.4,0,3,3,3,3,3,,,
DACRR1,2,33.5,0.4,12.3,12.3,12,11.9,12.1,0,-0.3,-0.1,0.2,,-0.1,12,3,3,3,3,3,3,,,
CLE1SU,2,33.7,2,16.2,16.1,16.1,16.1,16.6,-0.1,0,0,0.5,,0.1,16.7,3,3,3,3,3,3,,,
DACRR1,2,29.7,8.9,14.6,13.7,13.9,14.2,14.6,-0.9,0.2,0.3,0.4,,0,14.6,3,3,3,3,3,3,,,
DACRR1,2,22.5,6.6,17.1,17,17.1,17.1,17.2,-0.1,0.1,0,0.1,17.5,0,17.2,3,3,3,3,3,3,,,
APORBR,2,24.1,7.1,0,12.2,12,12.3,12.5,12.2,-0.2,0.3,0.2,13,0.1,12.6,0,3,3,3,3,3,,,
SHORP1,2,23.5,7,0,10.8,11.8,11.7,12,10.8,1,-0.1,0.3,,0.4,12.4,0,3,3,3,3,3,,,
NEPHOP,2,21.4,6.2,0,0,11,12.1,12.7,0,11,1.1,0.6,,0.9,13.6,0,0,3,3,3,3,,,
HERISI,2,32.1,17.4,11.4,11.3,11.5,11.4,11.5,-0.1,0.2,-0.1,0.1,,0,11.5,3,3,3,3,3,3,,,
CHISTO,2,34,19.5,13.2,13.2,13.5,13.9,13.7,0,0.3,0.4,-0.2,,0.1,13.8,3,3,3,3,3,3,,,
POMEPA,2,37.4,8.1,58.9,47.1,47.1,48.9,48.9,-11.8,0,1.8,0,,-2.5,46.4,7,6,6,6,6,6,,,
PIMEGR,2,38.2,9.6,0,0,14.6,15,15.7,0,14.6,0.4,0.7,,0.6,16.3,0,0,3,3,3,3,,,
DACRR1,2,36,7.3,18.2,18.6,18.6,18.8,19,0.4,0,0.2,0.2,,0.2,19.2,3,3,3,3,3,3,,,
ANI2CO,2,37.1,10.2,0,14.5,14.5,14.7,14.8,14.5,0,0.2,0.1,,0.1,14.9,0,3,3,3,3,3,,,
SANTLA,2,35.3,9.8,0,10.9,11,10.8,11,10.9,0.1,-0.2,0.2,11.4,0,11,0,3,3,3,3,3,,,
CLE1SU,3,45,2.7,23.2,23.4,23.3,23.2,23.4,0.2,-0.1,-0.1,0.2,,0,23.4,4,4,4,4,4,4,,,
CYNOMA,3,42.5,4.2,0,13.3,14.2,13.6,13.8,13.3,0.9,-0.6,0.2,,0.2,14,0,3,3,3,3,3,,,
DIPLMA,3,41.4,7,0,0,10.5,11,11.2,0,10.5,0.5,0.2,,0.4,11.6,0,0,3,3,3,3,,,
EUGETU,3,46.2,7.2,0,0,10.7,11.6,13.5,0,10.7,0.9,1.9,,1.4,14.9,0,0,3,3,3,3,,,
MANGQU,3,43.2,12.9,15.6,15.9,17,17.2,17.3,0.3,1.1,0.2,0.1,17.6,0.4,17.7,3,3,3,3,3,3,,,
DIALPL,3,44.7,11.4,22.7,24.7,25.1,25.9,27.2,2,0.4,0.8,1.3,,1.1,28.3,4,4,4,4,4,4,,,
GANUSN,3,40.4,13.4,13.3,13.3,13.5,13.5,13.6,0,0.2,0,0.1,,0.1,13.7,3,3,3,3,3,3,,,
CLE1SU,3,48,15,11.4,11.6,11.6,12.4,11.7,0.2,0,0.8,-0.7,,0.1,11.8,3,3,3,3,3,3,,,
MYRICI,3,49.5,15.8,0,10.7,11,11,11,10.7,0.3,0,0,,0.1,11.1,0,3,3,3,3,3,,,
GARCNE,3,47.3,15.8,0,0,10.2,11.5,11.4,0,10.2,1.3,-0.1,11.9,0.6,12,0,0,3,3,3,3,,,
IXONIC,3,48.9,13.7,37.3,37.9,38.1,38.8,39.6,0.6,0.2,0.7,0.8,,0.6,40.2,5,5,5,5,5,6,,,
EUGEIN,3,52.3,11.4,16.8,25.2,25.7,25.8,26.1,8.4,0.5,0.1,0.3,,2.3,28.4,3,4,4,4,4,4,,,
OCHAAM,3,48.7,11.8,17.9,17.9,18.3,18.4,18.8,0,0.4,0.1,0.4,,0.2,19,3,3,3,3,3,3,,,
BUCHSE,3,49,12,17,17.2,18,18.5,19.2,0.2,0.8,0.5,0.7,,0.6,19.8,3,3,3,3,3,3,,,
GREWMI,3,48,12,0,11.9,12,12.9,12.2,11.9,0.1,0.9,-0.7,,0.1,12.3,0,3,3,3,3,3,,,
SAR1GR,3,55.6,16.1,111.9,111.9,111.9,112.4,112.4,0,0,0.5,0,112.8,0.1,112.5,9,9,9,9,9,9,,,
RYPAKU,3,56.2,17,0,15,15.8,16,16.2,15,0.8,0.2,0.2,,0.4,16.6,0,3,3,3,3,3,,,
PAYELU,3,56.6,16.5,0,12.5,13.1,13.2,13.6,12.5,0.6,0.1,0.4,,0.4,14,0,3,3,3,3,3,,,
CLE1SU,3,58,12.2,14.2,14.1,14.1,14.9,13.9,-0.1,0,0.8,-1,,-0.1,13.8,3,3,3,3,3,3,,,
PORTAN,3,58.8,11.4,21.1,21.4,21.8,22.2,22.4,0.3,0.4,0.4,0.2,22.5,0.3,22.7,4,4,4,4,4,4,,,
BEILL1,3,55.2,2.2,15.3,15.5,15.5,15.5,15.8,0.2,0,0,0.3,15.9,0.1,15.9,3,3,3,3,3,3,,,
MACALO,3,55,0.6,0,0,10.8,11.7,12.2,0,10.8,0.9,0.5,,0.7,12.9,0,0,3,3,3,3,,,
DIPTC1,4,63.4,0.4,61.8,68.8,69.2,70.5,70.5,7,0.4,1.3,0,,2.2,72.7,8,8,8,9,9,9,,,
POMEPA,4,61,3.5,12.4,12.8,12.8,12.5,13.6,0.4,0,-0.3,1.1,13,0.3,13.9,3,3,3,3,3,3,,,
SCA1SP,4,69.5,1.8,0,10.5,11,10.9,11.6,10.5,0.5,-0.1,0.7,,0.4,12,0,3,3,3,3,3,,,
ALPHEL,4,61.8,3.3,18.8,19.4,19.4,19.5,19.8,0.6,0,0.1,0.3,19.9,0.3,20.1,3,3,3,3,3,4,,,
CLE1SU,4,65.5,4.9,14.7,14.7,14.7,14.9,14.9,0,0,0.2,0,15.3,0.1,15,3,3,3,3,3,3,,,
SHORP2,4,70.5,6,0,14.1,15.4,16.8,18.6,14.1,1.3,1.4,1.8,17.5,1.5,20.1,0,3,3,3,3,4,,,
GREWMI,4,71.6,6.5,0,16.6,16.8,16.8,17.2,16.6,0.2,0,0.4,,0.2,17.4,0,3,3,3,3,3,,,
SHORM1,4,73.8,6.1,0,11.2,12.5,13.8,16.2,11.2,1.3,1.3,2.4,,1.7,17.9,0,3,3,3,3,3,,,
SHOROV,4,74.2,3.5,0,40.9,42.6,44.3,45,40.9,1.7,1.7,0.7,45.7,1.4,46.4,0,6,6,6,6,6,,,
APORPR,4,69.4,7.2,11.7,11.7,11.7,11.6,11.7,0,0,-0.1,0.1,,0,11.7,3,3,3,3,3,3,,,
DACRRI,4,71,7.6,15.4,19.9,20.6,21.6,20.8,4.5,0.7,1,-0.8,22,1.4,22.2,3,3,4,4,4,4,,,
LITHEW,4,71.5,7,0,11.5,11.7,12.3,14.2,11.5,0.2,0.6,1.9,,0.9,15.1,0,3,3,3,3,3,,,
SHORL1,4,68.7,18.9,35.7,37.4,38.4,40,14.5,1.7,1,1.6,-25.5,,-5.3,9.2,5,5,5,6,3,2,,,
SHORAC,4,69.1,17.1,16.4,28.3,30.6,33.4,37.1,11.9,2.3,2.8,3.7,,5.2,42.3,3,4,5,5,5,6,,,
ARCHDU,4,67.8,16.1,0,10.7,13.4,14,15.3,10.7,2.7,0.6,1.3,14.6,1.5,16.8,0,3,3,3,3,3,,,
MACALO,4,67.9,16.5,0,10.9,11.1,11,11,10.9,0.2,-0.1,0,,0,11,0,3,3,3,3,3,,,
DIOSRU,4,66.5,15.2,0,15.3,16.8,17.1,17.7,15.3,1.5,0.3,0.6,17.9,0.8,18.5,0,3,3,3,3,3,,,
DIOSS1,4,61.1,17.2,16,16.5,17,17.3,17.5,0.5,0.5,0.3,0.2,,0.4,17.9,3,3,3,3,3,3,,,
DIPLMA,4,62,15.7,0,0,10.9,11,11,0,10.9,0.1,0,,0.1,11.1,0,0,3,3,3,3,,,
XANTEU,4,78.8,14.1,14.8,14.8,14.9,14.8,14.8,0,0.1,-0.1,0,,0,14.8,3,3,3,3,3,3,,,
LITHEW,4,79.3,7,20.3,20.4,21.1,21,21,0.1,0.7,-0.1,0,,0.2,21.2,4,4,4,4,4,4,,,
CLE1SU,4,77.9,4.6,20.9,21,21.2,21.8,24.1,0.1,0.2,0.6,2.3,,0.8,24.9,4,4,4,4,4,4,,,
ARCHBU,4,79,1.4,18.2,18.3,12.6,12.6,18.9,0.1,-5.7,0,6.3,,0.2,19.1,3,3,3,3,3,3,,,
ALANEB,4,79.2,1,0,12.5,12.7,12.6,13.2,12.5,0.2,-0.1,0.6,,0.2,13.4,0,3,3,3,3,3,,,
SHORP1,4,76,0.4,0,0,11.5,11.8,13.5,0,11.5,0.3,1.7,12.5,1,14.5,0,0,3,3,3,3,,,
DIOSAP,5,81,5.4,18.6,18.3,19.1,18.2,18.5,-0.3,0.8,-0.9,0.3,,0,18.5,3,3,3,3,3,3,,,
OCHAAM,5,95.6,17.4,20.1,19.5,19.5,19.7,14.9,-0.6,0,0.2,-4.8,20,-1.3,13.6,4,3,3,3,3,3,,,
MACALO,5,95,18.2,14,14.2,14.3,14.9,19.2,0.2,0.1,0.6,4.3,,1.3,20.5,3,3,3,3,3,4,,,
ALANEB,5,95.4,17.2,0,11,10.7,10.8,11,11,-0.3,0.1,0.2,,0,11,0,3,3,3,3,3,,,
OCHAAM,5,92,0.4,0,0,10.6,10.3,10.5,0,10.6,-0.3,0.2,,-0.1,10.4,0,0,3,3,3,3,,,
DACRR2,5,98.1,16.3,14.5,14.6,14.9,14.9,15,0.1,0.3,0,0.1,,0.1,15.1,3,3,3,3,3,3,,,
QUERAR,5,98,17.1,0,13.9,14.1,14.2,14.5,13.9,0.2,0.1,0.3,,0.2,14.7,0,3,3,3,3,3,,,
SHORP2,5,99.1,19.4,41.5,44.4,45.7,47,47,2.9,1.3,1.3,0,,1.4,48.4,6,6,6,6,6,6,,,
DILLSU,5,90,19,12.4,12.5,12.5,13.6,13,0.1,0,1.1,-0.6,,0.2,13.2,3,3,3,3,3,3,,,
SHORP2,5,97.4,2.1,39.7,40.9,42.3,43.6,45.1,1.2,1.4,1.3,1.5,44,1.4,46.5,5,6,6,6,6,6,,,
ELATTA,5,96.1,2.3,0,11.4,11.4,11.3,11.2,11.4,0,-0.1,-0.1,,-0.1,11.1,0,3,3,3,3,3,,,
PARKSP,5,99.2,3.5,0,0,12.3,12.7,12.8,0,12.3,0.4,0.1,,0.3,13.1,0,0,3,3,3,3,,,
RYPAAC,5,93.7,4.3,31.5,32.2,32.4,32.1,32.5,0.7,0.2,-0.3,0.4,,0.3,32.8,5,5,5,5,5,5,,,
POL1JE,5,93.2,2.3,11.6,18.3,18.6,19.5,18.7,6.7,0.3,0.9,-0.8,,1.8,20.5,3,3,3,3,3,4,,,
DIOSSU,5,92.5,1.2,0,10.1,10.1,10.1,10.9,10.1,0,0,0.8,,0.3,11.2,0,3,3,3,3,3,,,
DIOSBU,5,91.2,0.5,0,12.5,12.8,12.7,13.1,12.5,0.3,-0.1,0.4,,0.2,13.3,0,3,3,3,3,3,,,
XANTRU,6,80.8,28.2,0,14.5,14.5,14.5,14.8,14.5,0,0,0.3,,0.1,14.9,0,3,3,3,3,3,,,
MACAHY,6,81.8,30.5,0,10.9,11.2,12.4,13.5,10.9,0.3,1.2,1.1,,0.9,14.4,0,3,3,3,3,3,,,
CROTLA,6,81.6,28,0,0,11.8,12.5,13.2,0,11.8,0.7,0.7,,0.7,13.9,0,0,3,3,3,3,,,
MACACO,6,81.2,22.2,0,0,11,10.8,11.2,0,11,-0.2,0.4,,0.1,11.3,0,0,3,3,3,3,,,
MACAHY,6,89.3,31,0,14.4,15.5,16.8,18.4,14.4,1.1,1.3,1.6,17.4,1.3,19.7,0,3,3,3,3,3,,,
AIDICO,6,89.8,34.2,0,0,11.8,11.9,12.1,0,11.8,0.1,0.2,,0.2,12.3,0,0,3,3,3,3,,,
PAR1OB,6,85.1,39.4,25,25.4,25.6,26.5,26.5,0.4,0.2,0.9,0,,0.4,26.9,4,4,4,4,4,4,,,
ARDICO,6,86,39,0,14,14.7,15.2,15.2,14,0.7,0.5,0,15.8,0.4,15.6,0,3,3,3,3,3,,,
DIPTC1,6,86,39.2,0,0,13.1,13.1,16.3,0,13.1,0,3.2,,1.6,17.9,0,0,3,3,3,3,,,
DIPLMA,6,89.3,37.7,16.6,16.3,16.4,16.4,17.1,-0.3,0.1,0,0.7,,0.1,17.2,3,3,3,3,3,3,,,
NEOBHE,6,93,36.6,0,14.5,16.3,17.4,17.1,14.5,1.8,1.1,-0.3,,0.9,18,0,3,3,3,3,3,,,
NEOBHE,6,81.7,39,41.3,41.3,53.1,54.1,54.8,0,11.8,1,0.7,,3.4,58.2,6,6,7,7,7,7,,,
CANALL,6,81.2,39.7,0,0,10.6,10.8,11.5,0,10.6,0.2,0.7,,0.5,12,0,0,3,3,3,3,,,
SANTLA,6,93.6,29.9,0,17.7,18,18.5,18.1,17.7,0.3,0.5,-0.4,,0.1,18.2,0,3,3,3,3,3,,,
ARTOIS,6,94,28.5,0,15.2,15.4,15.7,15.5,15.2,0.2,0.3,-0.2,,0.1,15.6,0,3,3,3,3,3,,,
MACALO,6,94.8,26,0,12.2,12.4,12.4,12.4,12.2,0.2,0,0,,0.1,12.5,0,3,3,3,3,3,,,
SANTLA,6,98.9,23.6,25.1,37,38.5,40.4,41.3,11.9,1.5,1.9,0.9,,4.1,45.4,4,5,5,6,6,6,,,
GARCMA,6,99,22.1,0,12.3,12.7,12.6,12.7,12.3,0.4,-0.1,0.1,13.3,0.1,12.8,0,3,3,3,3,3,,,
DIPTC1,6,99.5,26.4,0,12.5,13.6,14.7,15.8,12.5,1.1,1.1,1.1,,1.1,16.9,0,3,3,3,3,3,,,
SANTLA,6,98.2,20.3,32.4,25.5,27.6,28.7,30.7,-6.9,2.1,1.1,2,,-0.4,30.3,5,4,4,4,5,5,,,
GARCPA,6,99.6,20.4,0,12.5,11.4,11.4,11.8,12.5,-1.1,0,0.4,,-0.2,11.6,0,3,3,3,3,3,,,
BOUEOP,7,62.9,22.2,18.1,25.5,26.2,18.1,26.4,7.4,0.7,-8.1,8.3,,2.1,28.5,3,4,4,3,4,4,,,
SHORM2,7,62.6,27,32.5,21.8,34.1,35.2,36.3,-10.7,12.3,1.1,1.1,,0.9,37.2,5,4,5,5,5,5,,,
DACRRO,7,62.2,25.4,18.3,13.5,21.3,21.9,22.4,-4.8,7.8,0.6,0.5,,1,23.4,3,3,4,4,4,4,,,
SHORP1,7,64.6,26,0,0,13.6,14.6,16.4,0,13.6,1,1.8,,1.4,17.8,0,0,3,3,3,3,,,
EUGEKO,7,74.6,26.7,27.4,29,30.5,31.1,32.1,1.6,1.5,0.6,1,,1.2,33.3,4,4,5,5,5,5,,,
EUGETU,7,71.8,27.4,0,17.5,18.9,20.5,21.4,17.5,1.4,1.6,0.9,,1.3,22.7,0,3,3,4,4,4,,,
TRI3MA,7,72,28.6,0,10.9,12.4,14.1,15.3,10.9,1.5,1.7,1.2,,1.5,16.8,0,3,3,3,3,3,,,
SHORL1,7,72,27,0,0,10.5,12.7,12.8,0,10.5,2.2,0.1,,1.2,14,0,0,3,3,3,3,,,
NEPHCO,7,78,21,17.2,18.5,19.3,19.6,19.8,1.3,0.8,0.3,0.2,,0.7,20.5,3,3,3,3,3,4,,,
SANTLA,7,79.5,20.4,0,15.5,17.9,20.1,23.7,15.5,2.4,2.2,3.6,,2.7,26.4,0,3,3,4,4,4,,,
SHORL1,7,76.5,20.8,0,14.8,17.3,19.5,22.6,14.8,2.5,2.2,3.1,,2.6,25.2,0,3,3,3,4,4,,,
SHORP1,8,47.1,23.6,37.4,42.3,42.5,42.9,42.9,4.9,0.2,0.4,0,,1.4,44.3,5,6,6,6,6,6,,,
SANTLA,8,48.5,22,0,12.3,11.7,11.7,11.9,12.3,-0.6,0,0.2,12.4,-0.1,11.8,0,3,3,3,3,3,,,
DIOSAP,8,44.6,26.3,26.3,26.1,26.1,28.1,28.2,-0.2,0,2,0.1,28.3,0.5,28.7,4,4,4,4,4,4,,,
ALPHEL,8,48.2,30.2,0,11.1,12,12.2,12.5,11.1,0.9,0.2,0.3,,0.5,13,0,3,3,3,3,3,,,
NAUCOF,8,40.9,36.9,16.1,22.8,22.3,22.6,22.7,6.7,-0.5,0.3,0.1,23.1,1.7,24.4,3,4,4,4,4,4,,,
PIMEGR,8,40.8,34.8,23.5,24.9,25.2,25.3,25.7,1.4,0.3,0.1,0.4,,0.6,26.3,4,4,4,4,4,4,,,
EUGERI,8,40.5,30.8,0,23.3,25,27.2,29.2,23.3,1.7,2.2,2,28,2,31.2,0,4,4,4,4,5,,,
IXONIC,8,41.6,39,0,14.6,15.5,16.2,17,14.6,0.9,0.7,0.8,,0.8,17.8,0,3,3,3,3,3,,,
SHORM2,8,46,38.2,0,12.2,12.5,12.5,12.6,12.2,0.3,0,0.1,,0.1,12.7,0,3,3,3,3,3,,,
CROTLA,8,47.2,38.5,0,12.9,13.2,13.5,14.4,12.9,0.3,0.3,0.9,,0.5,14.9,0,3,3,3,3,3,,,
SHORL1,8,48.8,38.5,0,21.3,23.9,26.8,29.6,21.3,2.6,2.9,2.8,,2.8,32.4,0,4,4,4,4,5,,,
NEPHER,8,51,38,0,13.1,13.1,13.1,13.4,13.1,0,0,0.3,,0.1,13.5,0,3,3,3,3,3,,,
KOOMMA,8,56.7,36.4,61,63.5,63.7,65.2,65.2,2.5,0.2,1.5,0,,1.1,66.3,8,8,8,8,8,8,,,
SHORL1,8,54.5,22.5,0,12.1,12.4,17.2,15.5,12.1,0.3,4.8,-1.7,,1.1,16.6,0,3,3,3,3,3,,,
SHORL1,8,55.7,22.5,0,16.1,18.9,14.8,24.3,16.1,2.8,-4.1,9.5,,2.7,27,0,3,3,3,4,4,,,
SHORL1,8,55.4,36.6,0,0,11.5,13.2,15.1,0,11.5,1.7,1.9,,1.8,16.9,0,0,3,3,3,3,,,
SHORP1,8,56.2,28.4,0,0,11.9,13.7,15.6,0,11.9,1.8,1.9,,1.9,17.5,0,0,3,3,3,3,,,
DURIGR,8,56.5,30,0,0,11.9,11.9,11.8,0,11.9,0,-0.1,,0,11.8,0,0,3,3,3,3,,,
SHORL1,9,26,24.7,43.4,45.3,47.5,49.7,49.7,1.9,2.2,2.2,0,,1.6,51.3,6,6,6,6,6,7,,,
CYNOMA,9,25.5,27.9,22.1,22.6,23.6,23.8,25.9,0.5,1,0.2,2.1,,1,26.9,4,4,4,4,4,4,,,
KOKOOC,9,23.2,26.6,0,0,11.7,12.4,12.4,0,11.7,0.7,0,,0.4,12.8,0,0,3,3,3,3,,,
RYPAKU,9,21.5,32.9,17.4,17.7,17.5,17.7,17.9,0.3,-0.2,0.2,0.2,,0.1,18,3,3,3,3,3,3,,,
CROTLA,9,21.8,31,0,0,11.1,11.8,12.6,0,11.1,0.7,0.8,,0.7,13.3,0,0,3,3,3,3,,,
LITSM2,9,28.2,39.2,10.6,14.9,14.3,14.4,15,4.3,-0.6,0.1,0.6,14.8,1.1,16.1,3,3,3,3,3,3,,,
MANGQU,9,35.8,38.7,32.4,33.7,34,34.5,34.7,1.3,0.3,0.5,0.2,,0.6,35.3,5,5,5,5,5,5,,,
SANTLA,9,36,30.5,0,12.8,12.8,12.8,14,12.8,0,0,1.2,,0.4,14.4,0,3,3,3,3,3,,,
NEOSKI,10,1.8,35.1,31.7,32.4,33,33,34.2,0.7,0.6,0,1.2,,0.6,34.8,5,5,5,5,5,5,,,
HORSPS,10,1,32.4,0,12.9,12.9,13,13.3,12.9,0,0.1,0.3,,0.1,13.4,0,3,3,3,3,3,,,
HUNTZE,10,0.5,35,0,12,12.3,12.5,12.8,12,0.3,0.2,0.3,,0.3,13.1,0,3,3,3,3,3,,,
SANTLA,10,9.8,37.3,15.8,16.2,16.4,16.5,16.8,0.4,0.2,0.1,0.3,,0.3,17.1,3,3,3,3,3,3,,,
QUERAR,10,10.3,39.6,68.7,68.7,6.9,69.6,69.6,0,-61.8,62.7,0,62,0.2,69.8,8,8,2,8,8,8,,,
AGLAE1,10,8.5,39.1,9.8,13.3,13.3,13.6,14.1,3.5,0,0.3,0.5,,1.1,15.2,2,3,3,3,3,3,,,
DACRRO,10,8.3,35,15.2,15.4,15.6,15.6,15.7,0.2,0.2,0,0.1,,0.1,15.8,3,3,3,3,3,3,,,
DACRR1,10,12.7,33.1,16.9,17.1,18.1,18.4,18.5,0.2,1,0.3,0.1,18.8,0.4,18.9,3,3,3,3,3,3,,,
MESUGR,10,19.5,33.6,38.1,38.4,38.7,38.9,40.1,0.3,0.3,0.2,1.2,,0.5,40.6,5,5,5,5,6,6,,,
ARTORI,10,13.1,28.8,27,28.8,28.4,29.2,30.2,1.8,-0.4,0.8,1,,0.8,31,4,4,4,4,5,5,,,
KNEMMA,10,12.3,28.8,14.3,14.8,14.2,15.4,15.7,0.5,-0.6,1.2,0.3,,0.4,16.1,3,3,3,3,3,3,,,
DIOSBU,10,12.4,27.9,23.1,23.9,24.6,25.2,27.25,0.8,0.7,0.6,2.05,,1,28.25,4,4,4,4,4,4,,,
POMEPA,10,14.1,26,50.2,49.5,50.9,52.1,52.1,-0.7,1.4,1.2,0,,0.5,52.6,7,6,7,7,7,7,,,
INTSPA,10,15,27.4,0,10.5,11,11.5,12.5,10.5,0.5,0.5,1,12.2,0.7,13.2,0,3,3,3,3,3,,,
SHORAC,10,14.6,21.5,42.4,43.5,45,45.8,45.9,1.1,1.5,0.8,0.1,,0.9,46.8,6,6,6,6,6,6,,,
EUGERI,10,18.1,21.2,0,0,12,12,12.7,0,12,0,0.7,,0.4,13.1,0,0,3,3,3,3,,,
KNEMSC,10,14,21.4,21.2,21.4,22.5,22.6,23.2,0.2,1.1,0.1,0.6,,0.5,23.7,4,4,4,4,4,4,,,
MACALO,11,7.1,40.3,15.3,15.2,15.9,15.9,16,-0.1,0.7,0,0.1,,0.2,16.2,3,3,3,3,3,3,,,
BOUEMA,11,10.5,46,34.2,36.1,35.8,36.2,36.6,1.9,-0.3,0.4,0.4,,0.6,37.2,5,5,5,5,5,5,,,
PSYD10,11,10.8,47.3,0,11.8,12,12,12.1,11.8,0.2,0,0.1,,0.1,12.2,0,3,3,3,3,3,,,
NEOSKI,11,13.4,47.8,0,0,11.5,11.9,12.1,0,11.5,0.4,0.2,,0.3,12.4,0,0,3,3,3,3,,,
DACRR1,11,9.1,47.1,20.7,19.2,22.4,22.7,23.1,-1.5,3.2,0.3,0.4,,0.6,23.7,4,3,4,4,4,4,,,
PTEIEC,11,2.5,46.2,0,12.2,12.5,13.1,13.9,12.2,0.3,0.6,0.8,,0.6,14.5,0,3,3,3,3,3,,,
DRYPLO,11,0.4,45,13.1,13.3,13.7,14,14.4,0.2,0.4,0.3,0.4,14.4,0.3,14.7,3,3,3,3,3,3,,,
ARTORI,11,3,43.8,14.8,15.3,16,12,15.8,0.5,0.7,-4,3.8,,0.3,16.1,3,3,3,3,3,3,,,
IXONIC,11,3.7,40.4,14.1,21.2,22.5,23.7,24.9,7.1,1.3,1.2,1.2,,2.7,27.6,3,4,4,4,4,4,,,
EUGEPU,11,3.8,44.4,0,0,10.2,11,11.4,0,10.2,0.8,0.4,,0.6,12,0,0,3,3,3,3,,,
DIALPA,11,5.1,57.3,17.4,17,17.4,17.5,17.5,-0.4,0.4,0.1,0,,0,17.5,3,3,3,3,3,3,,,
EUGEFI,11,3.3,55.3,19.4,20.5,20.8,21.2,21.4,1.1,0.3,0.4,0.2,,0.5,21.9,3,4,4,4,4,4,,,
SHORP1,11,1.2,56.2,23.1,27.2,29.1,30.5,30.8,4.1,1.9,1.4,0.3,,1.9,32.7,4,4,4,5,5,5,,,
PAYELU,11,6.5,56.2,0,12.3,12.9,13.5,13.6,12.3,0.6,0.6,0.1,,0.4,14,0,3,3,3,3,3,,,
APORAU,11,5.4,53.4,0,11.8,11.9,12,12.2,11.8,0.1,0.1,0.2,,0.1,12.3,0,3,3,3,3,3,,,
MALLPE,11,12.2,57.8,23.5,23.8,23.7,23.8,24.1,0.3,-0.1,0.1,0.3,,0.2,24.3,4,4,4,4,4,4,,,
MADHL1,11,19,55.3,12,13.2,13.5,14.2,14.3,1.2,0.3,0.7,0.1,,0.6,14.9,3,3,3,3,3,3,,,
ARCHCL,11,15.5,51,0,14.6,12.8,12.7,15.5,14.6,-1.8,-0.1,2.8,,0.3,15.8,0,3,3,3,3,3,,,
PEN1MO,11,16.5,48.7,66.5,66.5,66.8,67.2,67.4,0,0.3,0.4,0.2,,0.2,67.6,8,8,8,8,8,8,,,
XANTAF,11,16.3,49,0,10.5,10.6,10.7,10.9,10.5,0.1,0.1,0.2,,0.1,11,0,3,3,3,3,3,,,
KIBAAR,11,19.5,46.4,16.7,17.4,17.4,17.5,17.6,0.7,0,0.1,0.1,17.9,0.2,17.8,3,3,3,3,3,3,,,
KNEMHO,11,20,45.1,12.6,13.3,13,12.8,12.9,0.7,-0.3,-0.2,0.1,13.2,0.1,13,3,3,3,3,3,3,,,
PIMEGR,11,14.4,41.3,23,23.5,24.1,24.4,25.4,0.5,0.6,0.3,1,,0.6,26,4,4,4,4,4,4,,,
RYPAAC,12,23.6,42,16.3,16.8,17.1,17.4,18.6,0.5,0.3,0.3,1.2,,0.6,19.2,3,3,3,3,3,3,,,
CANALT,12,24.8,42.3,13.2,15.3,15.1,15.2,15.2,2.1,-0.2,0.1,0,,0.5,15.7,3,3,3,3,3,3,,,
SHORM2,12,27.4,42.4,18.6,18.7,18.5,18.8,18.8,0.1,-0.2,0.3,0,,0.1,18.9,3,3,3,3,3,3,,,
LEPISE,12,28.2,46.2,15.3,20.6,21.3,21.7,21.8,5.3,0.7,0.4,0.1,,1.6,23.4,3,4,4,4,4,4,,,
ANI1LA,12,23.4,46.2,20.3,21.1,21.5,21.7,22.5,0.8,0.4,0.2,0.8,,0.6,23.1,4,4,4,4,4,4,,,
ANI1LA,12,25.3,51.9,30.5,31.1,32.2,33.2,35.1,0.6,1.1,1,1.9,,1.2,36.3,5,5,5,5,5,5,,,
TRIOMA,12,25.8,55.2,0,16,17.8,19.3,21.2,16,1.8,1.5,1.9,,1.7,22.9,0,3,3,3,4,4,,,
PYREAC,12,23.5,57,0,16.2,16.9,17.2,17.8,16.2,0.7,0.3,0.6,,0.5,18.3,0,3,3,3,3,3,,,
KNEMLA,12,37.6,58.7,0,0,11.5,11.4,11.6,0,11.5,-0.1,0.2,12,0,11.6,0,0,3,3,3,3,,,
SANDKO,12,34.3,49.2,22.2,22.4,22.7,22.9,23.2,0.2,0.3,0.2,0.3,23.3,0.3,23.5,4,4,4,4,4,4,,,
DACRR1,12,36.2,57,0,10.4,10.4,10.3,10.5,10.4,0,-0.1,0.2,,0,10.5,0,3,3,3,3,3,,,
SCA1SP,12,35.2,48.2,13,13,13,11.4,11.9,0,0,-1.6,0.5,,-0.3,11.6,3,3,3,3,3,3,,,
MEL1AU,12,35.2,47,27.2,27.8,28.8,28.4,29.7,0.6,1,-0.4,1.3,28.9,0.6,30.3,4,4,4,4,4,5,,,
MACALO,12,35.5,46.4,0,0,11,11.1,11.5,0,11,0.1,0.4,,0.3,11.8,0,0,3,3,3,3,,,
CROTLA,12,36.6,47.2,0,0,11,10.6,10.9,0,11,-0.4,0.3,11.3,0,10.9,0,0,3,3,3,3,,,
BEILKU,12,34.7,45.9,14,15,14.7,15.2,15.9,1,-0.3,0.5,0.7,,0.5,16.4,3,3,3,3,3,3,,,
RYPAAC,12,32,46.7,12.6,12.9,13,13,13.2,0.3,0.1,0,0.2,,0.2,13.4,3,3,3,3,3,3,,,
ALANRI,12,31.6,49.8,23,23.4,23.7,24.2,24.8,0.4,0.3,0.5,0.6,24.6,0.5,25.3,4,4,4,4,4,4,,,
CANALR,12,30.9,43.5,22.4,22.5,22.3,22.8,23.8,0.1,-0.2,0.5,1,,0.4,24.2,4,4,4,4,4,4,,,
EUGEO1,12,30.8,40.4,0,10.8,10.9,10.9,11.3,10.8,0.1,0,0.4,,0.2,11.5,0,3,3,3,3,3,,,
XANTEU,13,46.4,54.9,18,14.6,14.6,14.6,29.5,-3.4,0,0,14.9,14.9,2.9,32.4,3,3,3,3,4,5,,,
ARCHBU,13,44.5,54.2,0,15.1,16.4,17.5,19,15.1,1.3,1.1,1.5,,1.3,20.3,0,3,3,3,3,4,,,
CROTLA,13,42.4,53.2,0,20.8,21,21.1,21.4,20.8,0.2,0.1,0.3,,0.2,21.6,0,4,4,4,4,4,,,
AIDIWA,13,42,51.5,0,23.5,24.9,28.1,29.8,23.5,1.4,3.2,1.7,,2.1,31.9,0,4,4,4,4,5,,,
SANTAP,13,42,59.4,19.5,19.8,19.9,19.7,20.1,0.3,0.1,-0.2,0.4,,0.2,20.3,3,3,3,3,4,4,,,
TRI3LA,13,40.2,59,9.5,11.5,11.5,11.4,11.8,2,0,-0.1,0.4,,0.6,12.4,2,3,3,3,3,3,,,
PTYCCO,13,45.4,59.7,12.3,12.3,12.3,12.7,12.3,0,0,0.4,-0.4,,0,12.3,3,3,3,3,3,3,,,
SHORAC,13,44.8,58.3,39,41.8,41.8,43.9,44.8,2.8,0,2.1,0.9,,1.5,46.3,5,6,6,6,6,6,,,
SHORL1,13,54.1,56.3,0,15,18,21.3,27.6,15,3,3.3,6.3,,4.2,31.8,0,3,3,4,4,5,,,
DACRR1,13,53.8,58.4,0,15.5,16.6,17.3,18.3,15.5,1.1,0.7,1,,0.9,19.2,0,3,3,3,3,3,,,
POMEPA,13,58,40.3,52.5,52.5,52.6,52.8,52.8,0,0.1,0.2,0,,0.1,52.9,7,7,7,7,7,7,,,
SAPIBA,14,62.6,50.2,0,18.5,21.1,23.1,24.5,18.5,2.6,2,1.4,,2,26.5,0,3,4,4,4,4,,,
EUGERI,14,63,53.1,0,13.5,14.1,14.2,14.5,13.5,0.6,0.1,0.3,,0.3,14.8,0,3,3,3,3,3,,,
DIOSSI,14,67.7,51.1,12.4,12.5,12.5,12.4,12.8,0.1,0,-0.1,0.4,,0.1,12.9,3,3,3,3,3,3,,,
SANDKO,14,72.7,48.2,17.3,17.8,1.5,17.4,17.6,0.5,-16.3,15.9,0.2,15.8,0.1,17.7,3,3,1,3,3,3,,,
LITHCU,14,69.2,48,9.8,12.9,13.2,14.1,17.9,3.1,0.3,0.9,3.8,,2,19.9,2,3,3,3,3,3,,,
GYNOAX,14,66.5,47.5,27,29.5,31.1,32.1,33.5,2.5,1.6,1,1.4,32.5,1.6,35.1,4,4,5,5,5,5,,,
BEILDI,14,67.2,50,0,12.8,13.2,13,13.4,12.8,0.4,-0.2,0.4,,0.2,13.6,0,3,3,3,3,3,,,
MYRIM3,14,66,59.5,0,11.2,8.6,11.4,11.8,11.2,-2.6,2.8,0.4,,0.2,12,0,3,2,3,3,3,,,
GLUTM2,14,73.4,52.3,42.4,62.9,63.2,64.2,64.3,20.5,0.3,1,0.1,,5.5,69.8,6,8,8,8,8,8,,,
RYPAKU,14,72.6,50.5,12,16,16.7,16.4,16.8,4,0.7,-0.3,0.4,,1.2,18,3,3,3,3,3,3,,,
PIMEGR,14,72.5,52,0,13.2,13.7,13.9,14.3,13.2,0.5,0.2,0.4,,0.4,14.7,0,3,3,3,3,3,,,
SHORM2,14,71.4,52.2,0,14.8,15.2,16.5,16.7,14.8,0.4,1.3,0.2,,0.6,17.3,0,3,3,3,3,3,,,
ORMOPE,14,75.5,48.4,58.3,65.4,67.2,68.4,68.4,7.1,1.8,1.2,0,69,2.5,70.9,7,8,8,8,8,9,,,
DIPLMA,14,77.6,55.3,16.4,16.8,16.9,17.2,17.7,0.4,0.1,0.3,0.5,,0.3,18,3,3,3,3,3,3,,,
PAROVA,14,78.8,57.8,22,21.1,21.2,21.4,22.1,-0.9,0.1,0.2,0.7,,0,22.1,4,4,4,4,4,4,,,
MANGQU,14,76.7,44.2,14.7,15.2,15.2,15.2,15.1,0.5,0,0,-0.1,15.7,0.1,15.2,3,3,3,3,3,3,,,
PORTAN,14,75.8,44.5,0,14.3,14.7,15,15.4,14.3,0.4,0.3,0.4,,0.4,15.8,0,3,3,3,3,3,,,
NOTHUM,14,72.5,45,0,12.2,12.5,12.8,13.2,12.2,0.3,0.3,0.4,,0.3,13.5,0,3,3,3,3,3,,,
STYRBE,14,75.2,40.5,0,17.8,19.6,19,22.2,17.8,1.8,-0.6,3.2,,1.5,23.7,0,3,3,3,4,4,,,
POL1HY,14,72.6,40.5,0,24.8,25.9,26.5,27.3,24.8,1.1,0.6,0.8,,0.8,28.1,0,4,4,4,4,4,,,
VATIBE,15,85.8,45,14.5,15.1,15.3,15.3,15.4,0.6,0.2,0,0.1,,0.2,15.6,3,3,3,3,3,3,,,
MESUFE,15,85,45.7,13.3,14.6,13.8,14.9,15.3,1.3,-0.8,1.1,0.4,,0.5,15.8,3,3,3,3,3,3,,,
MACATR,15,81.2,45.6,0,0,11.7,12.1,12.3,0,11.7,0.4,0.2,12.8,0.3,12.6,0,0,3,3,3,3,,,
INTSPA,15,88.1,51.2,40.5,40.5,40.8,40.3,40.8,0,0.3,-0.5,0.5,,0.1,40.9,6,6,6,6,6,6,,,
ARTOIS,15,86.6,49,0,15.1,15.7,15.9,16,15.1,0.6,0.2,0.1,,0.3,16.3,0,3,3,3,3,3,,,
PIMELO,15,90.8,49.2,0,13.5,13.7,13.4,13.8,13.5,0.2,-0.3,0.4,,0.1,13.9,0,3,3,3,3,3,,,
DIOSBU,15,91.5,51.1,0,11.6,12,12.1,12.3,11.6,0.4,0.1,0.2,,0.2,12.5,0,3,3,3,3,3,,,
MONOMA,15,97,52,0,15.7,17.8,19.1,19.3,15.7,2.1,1.3,0.2,19.8,1.2,20.5,0,3,3,3,3,4,,,
MANGQU,15,85.8,59.6,60.2,60.2,63.5,64.7,64.7,0,3.3,1.2,0,65.1,1.1,65.8,8,8,8,8,8,8,,,
GARCMA,15,84.4,59.2,0,16.7,11.6,11.6,11.4,16.7,-5.1,0,-0.2,12.3,-1.8,9.6,0,3,3,3,3,2,,,
EUGEFL,15,87.1,58.7,40.6,40,40.6,40.6,46.1,-0.6,0.6,0,5.5,,1.4,47.5,6,6,6,6,6,6,,,
TEIJCO,15,89.9,59.5,55.9,55.9,60,52.3,52.5,0,4.1,-7.7,0.2,,-0.8,51.7,7,7,8,7,7,7,,,
AGLASP,15,97.2,51.2,0,0,10.8,10.8,11.7,0,10.8,0,0.9,,0.4,12.1,0,0,3,3,3,3,,,
XANTST,15,96.3,59.5,41.9,42.6,44.1,45.5,45.7,0.7,1.5,1.4,0.2,45.8,1,46.7,6,6,6,6,6,6,,,
NEOSKI,15,94.8,57,0,10.8,11,10.8,11.3,10.8,0.2,-0.2,0.5,11.5,0.2,11.5,0,3,3,3,3,3,,,
TEIJCO,15,99.4,41.8,20.4,14.1,14,14,15.3,-6.3,-0.1,0,1.3,,-1.3,14,4,3,3,3,3,3,,,
LITHRA,15,97.8,44,24,26.8,29,30.7,32.4,2.8,2.2,1.7,1.7,,2.1,34.5,4,4,4,5,5,5,,,
SHORP1,15,97.2,44.2,0,14.5,13.3,15.5,18.3,14.5,-1.2,2.2,2.8,,1.3,19.6,0,3,3,3,3,3,,,
VATIOD,15,97,44.6,0,16.8,11.7,11.7,12,16.8,-5.1,0,0.3,,-1.6,10.4,0,3,3,3,3,3,,,
ALPHEL,15,95.2,45.8,0,12.8,13.5,13.5,14,12.8,0.7,0,0.5,,0.4,14.4,0,3,3,3,3,3,,,
SHORM2,15,93,44.4,27.3,16.1,15.9,16.2,16.6,-11.2,-0.2,0.3,0.4,,-2.7,13.9,4,3,3,3,3,3,,,
DIPTC1,16,85.1,61.6,40,41.5,42,42.6,44,1.5,0.5,0.6,1.4,,1,45,6,6,6,6,6,6,,,
MEMEO1,16,81,62,14.3,14.8,14.6,15.9,14.8,0.5,-0.2,1.3,-1.1,,0.1,14.9,3,3,3,3,3,3,,,
PELLSA,16,80.5,60.5,0,16,16.2,16.3,16.47,16,0.2,0.1,0.17,17.1,0.2,16.67,0,3,3,3,3,3,,,
XANTEU,16,90.4,70.2,14.6,14.5,14.5,14.4,12.5,-0.1,0,-0.1,-1.9,,-0.5,12,3,3,3,3,3,3,,,
MONOMA,16,95.6,60.2,13.8,13.9,13.3,14.4,14.4,0.1,-0.6,1.1,0,,0.2,14.6,3,3,3,3,3,3,,,
SANTLA,16,93.3,60.2,0,12.6,12.8,13,13.4,12.6,0.2,0.2,0.4,,0.3,13.7,0,3,3,3,3,3,,,
XANTEU,16,84.8,69.7,11.8,11.9,11.8,11.9,12,0.1,-0.1,0.1,0.1,,0,12,3,3,3,3,3,3,,,
MESUFE,16,80.9,71.3,36.4,36.4,36.7,37,37.7,0,0.3,0.3,0.7,37.3,0.3,38,5,5,5,5,5,5,,,
DIPTC1,16,80.1,71.9,78.7,79,79.6,80.2,80.2,0.3,0.6,0.6,0,80.6,0.4,80.6,9,9,9,9,9,9,,,
MESURA,16,81.3,73.5,24.7,25.2,25.5,25.5,25.8,0.5,0.3,0,0.3,,0.3,26.1,4,4,4,4,4,4,,,
OCHAAM,16,85.1,71.7,14.5,0,15.1,15,15.4,-14.5,15.1,-0.1,0.4,,0.2,15.6,3,0,3,3,3,3,,,
KNEMST,16,87.8,78.9,30.9,31.8,32.5,33.1,30.4,0.9,0.7,0.6,-2.7,,-0.1,30.3,5,5,5,5,5,5,,,
DACRLA,16,87.7,76.7,13.9,14,14,14.2,14.4,0.1,0,0.2,0.2,,0.1,14.5,3,3,3,3,3,3,,,
CYNOMA,16,89.9,75.6,59,59,59.2,60.1,60.1,0,0.2,0.9,0,60.4,0.3,60.4,7,7,7,8,8,8,,,
ELAENI,16,91.8,68.4,28,28.3,28.3,28.3,28.3,0.3,0,0,0,,0.1,28.4,4,4,4,4,4,4,,,
DRYPKI,16,90.5,72,0,12.2,12.3,12.6,13.2,12.2,0.1,0.3,0.6,,0.3,13.5,0,3,3,3,3,3,,,
SHOROV,16,95.8,74.6,35.1,36.6,38.3,39.8,41.1,1.5,1.7,1.5,1.3,,1.5,42.6,5,5,5,5,6,6,,,
ARTOIS,16,94.6,76.5,13.6,14.4,14.7,15.3,15.7,0.8,0.3,0.6,0.4,15.6,0.5,16.2,3,3,3,3,3,3,,,
ARCHBU,16,93.6,68.3,19.8,21.8,23,22.5,24.2,2,1.2,-0.5,1.7,,1.1,25.3,3,4,4,4,4,4,,,
SHORAC,16,93.3,70.3,20.2,21.9,23.1,24.9,26.2,1.7,1.2,1.8,1.3,25.1,1.5,27.7,4,4,4,4,4,4,,,
HERIEL,16,98.5,65.2,13.4,14,14.1,14.5,14.9,0.6,0.1,0.4,0.4,,0.4,15.3,3,3,3,3,3,3,,,
CALODI,17,60.3,60.3,25.5,26.2,26.4,26.4,26.8,0.7,0.2,0,0.4,26.9,0.3,27.1,4,4,4,4,4,4,,,
CYATRA,17,69.5,60.7,33.5,33.6,33.6,33.1,23.8,0.1,0,-0.5,-9.3,,-2.4,21.4,5,5,5,5,4,4,,,
BARRPE,17,69,65.5,28.5,28.4,28.6,28.6,28.8,-0.1,0.2,0,0.2,29,0.1,28.9,4,4,4,4,4,4,,,
DACRLA,17,64.3,65.2,11.6,14.7,11.8,11.7,11.8,3.1,-2.9,-0.1,0.1,,0.1,11.9,3,3,3,3,3,3,,,
SHORAC,17,62.5,63.2,54,54,57.3,58.2,60.6,0,3.3,0.9,2.4,58.7,1.7,62.3,7,7,7,7,8,8,,,
MONOMA,17,63.3,68.9,18.3,19.4,19.5,19.8,20.2,1.1,0.1,0.3,0.4,20.2,0.5,20.7,3,3,3,3,4,4,,,
DIOSMA,17,64.1,69.1,17.8,18,18,18,18.1,0.2,0,0,0.1,,0.1,18.2,3,3,3,3,3,3,,,
SINDWA,17,62.9,72,42.9,44.6,44.9,45,45.5,1.7,0.3,0.1,0.5,,0.7,46.2,6,6,6,6,6,6,,,
MILLAT,17,67.5,71.9,13.3,13.6,13.6,13.8,14.2,0.3,0,0.2,0.4,,0.2,14.4,3,3,3,3,3,3,,,
AGLAGL,17,62.4,74.6,0,0,10.5,10.8,11.2,0,10.5,0.3,0.4,,0.3,11.5,0,0,3,3,3,3,,,
SHORM1,17,62.8,77,23.2,23.8,24.2,24.9,26.1,0.6,0.4,0.7,1.2,,0.7,26.8,4,4,4,4,4,4,,,
MILLAT,17,62.2,78.4,12,11.9,12.1,12.5,12.4,-0.1,0.2,0.4,-0.1,12.8,0.1,12.5,3,3,3,3,3,3,,,
CANTDI,17,63.8,78.1,20.4,20.6,20.7,20.7,20.6,0.2,0.1,0,-0.1,21,0.1,20.7,4,4,4,4,4,4,,,
KNEMLA,17,70.6,70.2,0,11.3,11.9,12,12.5,11.3,0.6,0.1,0.5,,0.4,12.9,0,3,3,3,3,3,,,
ELAERU,17,75.8,77.3,10.6,31.5,41.2,41.2,43.2,20.9,9.7,0,2,,8.2,51.4,3,5,6,6,6,7,,,
CANTDI,17,78.7,77.1,14.3,12.4,16.8,16.6,16.7,-1.9,4.4,-0.2,0.1,,0.6,17.3,3,3,3,3,3,3,,,
MANGG2,17,76.2,71.4,42.4,43.8,44.5,45.2,46.4,1.4,0.7,0.7,1.2,45.6,1,47.4,6,6,6,6,6,6,,,
EUGEPU,17,71.8,68.2,14.5,14.7,14.9,14.9,14.9,0.2,0.2,0,0,,0.1,15,3,3,3,3,3,3,,,
NEPHCO,17,72.5,67,11.7,11.7,11.8,11.7,11.9,0,0.1,-0.1,0.2,12.1,0.1,12,3,3,3,3,3,3,,,
SHORM1,17,74.3,66.9,25.7,26.2,26.8,27.8,28.2,0.5,0.6,1,0.4,,0.6,28.8,4,4,4,4,4,4,,,
BACCRE,17,71.3,62.3,14.3,16.7,16.8,17,17.3,2.4,0.1,0.2,0.3,17.4,0.8,18.1,3,3,3,3,3,3,,,
DRYPLO,17,72.7,60.2,13.6,14,14.6,15.1,16.1,0.4,0.6,0.5,1,,0.6,16.7,3,3,3,3,3,3,,,
VATIBE,18,49.3,62.9,17.6,18.2,18.7,19,19.3,0.6,0.5,0.3,0.3,,0.4,19.7,3,3,3,3,3,3,,,
XANTRU,18,45.9,63.6,23.4,24,24,24,24.2,0.6,0,0,0.2,,0.2,24.4,4,4,4,4,4,4,,,
MACALO,18,45,62.3,0,11,11.1,11.1,11.2,11,0.1,0,0.1,,0.1,11.3,0,3,3,3,3,3,,,
EUGEO1,18,45.8,64.9,55.8,55.8,56,56.9,56.9,0,0.2,0.9,0,,0.3,57.2,7,7,7,7,7,7,,,
SHORM2,18,46.2,66.2,0,13.8,14.1,15,15.4,13.8,0.3,0.9,0.4,,0.5,15.9,0,3,3,3,3,3,,,
DACRRO,18,48,64,0,11.5,11.6,11.6,11.8,11.5,0.1,0,0.2,12.4,0.1,11.9,0,3,3,3,3,3,,,
BARRPE,18,43.1,75.9,17.3,17.2,17.2,17.2,17.3,-0.1,0,0,0.1,,0,17.3,3,3,3,3,3,3,,,
SHORL2,18,41.5,78.2,56.2,57.3,58.7,61.8,61.8,1.1,1.4,3.1,0,61.9,1.4,63.2,7,7,7,8,8,8,,,
DIOSBU,18,54,72.2,14.8,15.1,15.2,15.2,15.3,0.3,0.1,0,0.1,,0.1,15.4,3,3,3,3,3,3,,,
POL1RU,18,51.8,73,0,10.2,10.4,10.5,11,10.2,0.2,0.1,0.5,,0.3,11.3,0,3,3,3,3,3,,,
MONOMA,18,54,71.4,23.8,33.6,34.2,34.8,26.9,9.8,0.6,0.6,-7.9,,0.8,27.7,4,5,5,5,4,4,,,
GIROPA,18,48.4,71.7,11.3,11.3,11.4,11.2,11.3,0,0.1,-0.2,0.1,,0,11.3,3,3,3,3,3,3,,,
SHORM2,18,57.3,73,93.2,93.2,93.3,93.8,93.8,0,0.1,0.5,0,,0.2,94,9,9,9,9,9,9,,,
ANTICO,18,57.8,73.4,20.1,20.4,20.5,20.6,20.3,0.3,0.1,0.1,-0.3,,0,20.3,4,4,4,4,4,4,,,
GARCEU,18,48.3,77.5,40.7,42.6,44,45.1,46.8,1.9,1.4,1.1,1.7,,1.5,48.3,6,6,6,6,6,6,,,
ARTOLO,18,55.1,76.2,19,0,20,20.1,20.1,-19,20,0.1,0,,0.1,20.2,3,0,4,4,4,4,,,
PAYELU,18,54,76,0,12.1,12.1,12.1,12.2,12.1,0,0,0.1,12.8,0,12.2,0,3,3,3,3,3,,,
PAROVA,18,53.2,76.2,0,11.9,12,12.1,12.2,11.9,0.1,0.1,0.1,12.8,0.1,12.3,0,3,3,3,3,3,,,
PAROVA,18,58.5,68.4,14.5,14.4,14.5,14.4,14.5,-0.1,0.1,-0.1,0.1,,0,14.5,3,3,3,3,3,3,,,
DIOSAP,18,56.2,68.8,13.3,15.7,13.9,13.1,14.2,2.4,-1.8,-0.8,1.1,,0.2,14.4,3,3,3,3,3,3,,,
MEL1AN,19,23.5,62.6,0,10.6,10.6,10.6,10.8,10.6,0,0,0.2,,0.1,10.9,0,3,3,3,3,3,,,
XERONO,19,25.6,78.7,23.8,24.3,25.2,25.1,25.5,0.5,0.9,-0.1,0.4,,0.4,25.9,4,4,4,4,4,4,,,
EUGEP4,19,24.2,77.6,22.2,24.6,25.5,27.2,29.6,2.4,0.9,1.7,2.4,,1.9,31.5,4,4,4,4,4,5,,,
ARTOKE,19,26.2,75.4,0,14.1,11.1,11.2,11.2,14.1,-3,0.1,0,,-1,10.2,0,3,3,3,3,3,,,
POL1JE,19,33.1,74,0,14.5,15.2,13.2,15.2,14.5,0.7,-2,2,,0.2,15.4,0,3,3,3,3,3,,,
SHORM1,19,35,79.6,24.1,24.5,24.5,24.4,24.5,0.4,0,-0.1,0.1,,0.1,24.6,4,4,4,4,4,4,,,
LITHEW,19,33.2,79.4,0,0,10.5,10.8,11.4,0,10.5,0.3,0.6,11.4,0.5,11.9,0,0,3,3,3,3,,,
GANUSN,19,39.3,74.4,14.9,15,15,15,15.2,0.1,0,0,0.2,,0.1,15.3,3,3,3,3,3,3,,,
SHORBR,19,34.1,69.5,24.5,25.3,25.9,26.8,27.8,0.8,0.6,0.9,1,,0.8,28.6,4,4,4,4,4,4,,,
PORTAN,19,35,69.4,18.8,16.3,19.3,19.8,20.5,-2.5,3,0.5,0.7,,0.4,20.9,3,3,3,3,4,4,,,
SHORAC,19,36.2,72,24.2,26,26.9,27.9,29.4,1.8,0.9,1,1.5,,1.3,30.7,4,4,4,4,4,5,,,
DIPTC1,19,37.4,66.2,12.6,12.8,12.8,12.6,12.7,0.2,0,-0.2,0.1,,0,12.7,3,3,3,3,3,3,,,
XERONO,19,36.4,67.2,0,12,12.1,12.4,12.8,12,0.1,0.3,0.4,,0.3,13.1,0,3,3,3,3,3,,,
SHORM1,19,38.8,67.4,0,10.8,10.9,10.9,11.5,10.8,0.1,0,0.6,,0.2,11.7,0,3,3,3,3,3,,,
MESUFE,19,38.7,64.5,18,18.3,18.5,18.6,18.8,0.3,0.2,0.1,0.2,,0.2,19,3,3,3,3,3,3,,,
NEOBHE,19,37,62.4,21.6,23.1,24,24.6,25.7,1.5,0.9,0.6,1.1,25.1,1,26.7,4,4,4,4,4,4,,,
GIRONE,19,34.4,70.1,0,30.8,31.1,31.7,32.8,30.8,0.3,0.6,1.1,,0.7,33.5,0,5,5,5,5,5,,,
SHORP2,19,33.5,60.6,0,10.5,11.7,10.5,10.7,10.5,1.2,-1.2,0.2,,0.1,10.8,0,3,3,3,3,3,,,
MANGQU,20,4.5,62.7,11.9,12,12,11.9,12,0.1,0,-0.1,0.1,,0,12,3,3,3,3,3,3,,,
MACACO,20,1.2,64,0,13.1,14.9,16.7,18.8,13.1,1.8,1.8,2.1,17.4,1.9,20.7,0,3,3,3,3,4,,,
MESURA,20,10,63,16.4,17.1,17,17,17.1,0.7,-0.1,0,0.1,,0.2,17.3,3,3,3,3,3,3,,,
POPOTC,20,9.8,64,15,15.1,15.6,15.4,15.4,0.1,0.5,-0.2,0,16,0.1,15.5,3,3,3,3,3,3,,,
ARTOSC,20,8.6,77.3,32.2,32.6,32.6,32.8,32.5,0.4,0,0.2,-0.3,,0.1,32.6,5,5,5,5,5,5,,,
MACACO,20,6.1,69.2,0,11,13.5,16,16,11,2.5,2.5,0,16.6,1.7,17.7,0,3,3,3,3,3,,,
SHORP2,20,17.6,74.4,22,22.2,22.9,24.5,24.9,0.2,0.7,1.6,0.4,,0.7,25.6,4,4,4,4,4,4,,,
LANSDO,20,17.4,73.7,12.4,12.4,12.5,12.5,12.7,0,0.1,0,0.2,12.9,0.1,12.8,3,3,3,3,3,3,,,
SINDWA,20,13.1,72.9,29.2,31.3,32.8,34.5,36.5,2.1,1.5,1.7,2,34.9,1.8,38.3,4,5,5,5,5,5,,,
DACRCO,20,19.6,64.6,22.6,23,23.5,23.8,24.5,0.4,0.5,0.3,0.7,24.3,0.5,25,4,4,4,4,4,4,,,
SANTLA,20,11.2,64.2,41.8,44.8,46.9,49.3,51.7,3,2.1,2.4,2.4,,2.5,54.2,6,6,6,6,7,7,,,
SCA1SP,20,18.8,65.2,0,10.7,10.8,10.6,10.8,10.7,0.1,-0.2,0.2,,0,10.8,0,3,3,3,3,3,,,
NAUCOF,20,16.1,61.2,31.2,32,31.8,32,32.5,0.8,-0.2,0.2,0.5,,0.3,32.8,5,5,5,5,5,5,,,
ALANRI,20,13.6,60.9,17.5,18.4,18.7,19,19,0.9,0.3,0.3,0,,0.4,19.4,3,3,3,3,3,3,,,
MESURA,20,13.2,61.5,0,12.2,13,13.6,14.1,12.2,0.8,0.6,0.5,,0.6,14.7,0,3,3,3,3,3,,,
MADHCU,20,14,62.4,0,10.8,10.5,10.6,10.8,10.8,-0.3,0.1,0.2,,0,10.8,0,3,3,3,3,3,,,
IXONIC,21,8.1,80.6,39.3,39.3,39.8,39.7,40.1,0,0.5,-0.1,0.4,40.2,0.2,40.3,5,5,5,5,6,6,,,
SHORL1,21,4.6,80.5,0,30.5,34.4,37.7,37.8,30.5,3.9,3.3,0.1,,2.4,40.2,0,5,5,5,5,6,,,
ARCHBU,21,5.1,82,0,13,14.7,15.4,17.5,13,1.7,0.7,2.1,,1.5,19,0,3,3,3,3,3,,,
CYNOMA,21,5,84.2,0,16,16.9,10.7,10,16,0.9,-6.2,-0.7,,-2,8,0,3,3,3,3,2,,,
MEMEEX,21,0.6,83.5,0,11,11,11.2,11.1,11,0,0.2,-0.1,,0,11.1,0,3,3,3,3,3,,,
IRVIMA,21,14.2,86.9,61.5,61.5,61.5,62.1,62.1,0,0,0.6,0,,0.2,62.3,8,8,8,8,8,8,,,
DACRR1,21,3.4,93,18.8,18.7,18.9,19,19.4,-0.1,0.2,0.1,0.4,,0.2,19.6,3,3,3,3,3,3,,,
PIMEGR,21,11.3,95.9,23.1,24.3,24.9,25.3,25.7,1.2,0.6,0.4,0.4,25.7,0.7,26.4,4,4,4,4,4,4,,,
PYSOGR,21,13.2,91.4,0,15.4,16.2,16.9,18.1,15.4,0.8,0.7,1.2,,0.9,19,0,3,3,3,3,3,,,
CRY1GR,21,14,90,0,10.8,10.9,11.1,11.6,10.8,0.1,0.2,0.5,,0.3,11.9,0,3,3,3,3,3,,,
ARTOSC,21,6.1,97.6,18.5,18.6,18.6,18.7,18.7,0.1,0,0.1,0,,0.1,18.8,3,3,3,3,3,3,,,
EUGEGR,21,7,99.4,21.8,21.7,22.1,22.3,22.4,-0.1,0.4,0.2,0.1,22.6,0.1,22.5,4,4,4,4,4,4,,,
SINDVE,21,2.6,96.3,71.8,72.7,71.9,72.6,72.6,0.9,-0.8,0.7,0,,0.2,72.8,9,9,9,9,9,9,,,
DACRRO,21,1.7,96.3,15.5,16.1,16.4,16.4,17.3,0.6,0.3,0,0.9,,0.5,17.8,3,3,3,3,3,3,,,
SANTLA,21,11.9,98.2,17.2,18.1,18.8,19.3,19.5,0.9,0.7,0.5,0.2,,0.6,20.1,3,3,3,3,3,4,,,
DRYPLO,21,17.3,97,14.9,15.1,15.3,15.2,15.6,0.2,0.2,-0.1,0.4,,0.2,15.8,3,3,3,3,3,3,,,
XANTEU,21,18.9,96.4,10.8,12.5,12.5,12.3,12.4,1.7,0,-0.2,0.1,,0.4,12.8,3,3,3,3,3,3,,,
EUGEGR,21,15.7,83.2,23.7,23.5,23.8,24.3,24.3,-0.2,0.3,0.5,0,,0.2,24.5,4,4,4,4,4,4,,,
MONOMA,21,19.2,89.7,29.6,30.5,31,32.4,33.1,0.9,0.5,1.4,0.7,,0.9,34,4,5,5,5,5,5,,,
XANTRU,21,19.2,80.4,0,10.2,10.3,10.4,10.6,10.2,0.1,0.1,0.2,,0.1,10.7,0,3,3,3,3,3,,,
PTEREC,22,28.4,85.4,31.8,33.2,3.7,33.6,34,1.4,-29.5,29.9,0.4,,0.5,34.5,5,5,1,5,5,5,,,
KNEMSC,22,26,83.1,11.8,11.8,12,11.9,12.1,0,0.2,-0.1,0.2,,0.1,12.2,3,3,3,3,3,3,,,
MANGQU,22,28.7,86,14.3,14.5,14.8,14.8,15.2,0.2,0.3,0,0.4,,0.2,15.4,3,3,3,3,3,3,,,
MONOMA,22,20.2,88.5,33,36,36.5,37.2,37.5,3,0.5,0.7,0.3,,1.1,38.6,5,5,5,5,5,5,,,
SHORBR,22,22.5,90.4,31.2,31.8,32.7,33.5,34.6,0.6,0.9,0.8,1.1,33.9,0.9,35.5,5,5,5,5,5,5,,,
POL1HY,22,27.4,90.2,0,13,13.6,14.4,15.3,13,0.6,0.8,0.9,,0.8,16.1,0,3,3,3,3,3,,,
BARRPE,22,25,98.3,23.1,23.6,24,24.2,24.6,0.5,0.4,0.2,0.4,,0.4,25,4,4,4,4,4,4,,,
EUGEP3,22,31,95.2,102.3,102.3,102.3,103.5,103.8,0,0,1.2,0.3,,0.4,104.2,9,9,9,9,9,9,,,
KNEMSC,22,30.9,99.7,16.1,16.8,17.1,17.5,17.9,0.7,0.3,0.4,0.4,,0.5,18.4,3,3,3,3,3,3,,,
EUGES2,22,33.5,98,28.2,29.1,29.5,29.9,30,0.9,0.4,0.4,0.1,,0.5,30.5,4,4,4,4,5,5,,,
APORBR,22,35.5,90,12.4,12.2,12.4,12.4,12.4,-0.2,0.2,0,0,,0,12.4,3,3,3,3,3,3,,,
BEILM2,22,36.9,98,13.1,13.4,13.4,13.4,13.5,0.3,0,0,0.1,,0.1,13.6,3,3,3,3,3,3,,,
SHORM2,22,38.4,99.2,44.7,45,47.1,50.4,50.8,0.3,2.1,3.3,0.4,,1.5,52.3,6,6,6,7,7,7,,,
BEILM2,22,32.4,85.9,47.4,46.5,46.5,47,48.2,-0.9,0,0.5,1.2,,0.2,48.4,6,6,6,6,6,6,,,
HOPEME,22,33.5,83.6,16.9,24,24.9,25.6,26.4,7.1,0.9,0.7,0.8,,2.4,28.8,3,4,4,4,4,4,,,
GORDSI,23,41.1,81.3,11,17.7,17.9,18,18.2,6.7,0.2,0.1,0.2,,1.8,20,3,3,3,3,3,4,,,
MEL1AN,23,44.2,80.6,9.1,10.8,11,11,11,1.7,0.2,0,0,,0.5,11.5,2,3,3,3,3,3,,,
CROTLA,23,41.7,82.5,0,11.7,11.8,12.2,12.3,11.7,0.1,0.4,0.1,,0.2,12.5,0,3,3,3,3,3,,,
DIOSSU,23,43.8,83.2,0,11.3,11.7,11.7,12.1,11.3,0.4,0,0.4,12.5,0.3,12.4,0,3,3,3,3,3,,,
EUGEP3,23,43.8,86.9,19.6,20.1,20.4,20.2,20.7,0.5,0.3,-0.2,0.5,,0.3,21,3,4,4,4,4,4,,,
SHORL1,23,46.5,88.4,48.4,49.4,50.7,51.4,52.5,1,1.3,0.7,1.1,,1,53.5,6,6,7,7,7,7,,,
MESUFE,23,45.5,92.2,23.4,23.8,23.7,23.5,23.7,0.4,-0.1,-0.2,0.2,,0.1,23.8,4,4,4,4,4,4,,,
KNEMMA,23,40.1,93.7,35.5,35.6,35.7,35.6,35.6,0.1,0.1,-0.1,0,,0,35.6,5,5,5,5,5,5,,,
KNEMMA,23,42.3,95.4,11.2,11.2,11.3,11.1,11.5,0,0.1,-0.2,0.4,,0.1,11.6,3,3,3,3,3,3,,,
SHORM1,23,43.8,96.1,18.3,18.5,18.9,19.3,20,0.2,0.4,0.4,0.7,,0.4,20.4,3,3,3,3,4,4,,,
DACRR1,23,45,99.4,19.1,20.1,20,21.1,20.1,1,-0.1,1.1,-1,,0.3,20.4,3,4,4,4,4,4,,,
PTEREC,23,49,97.3,13.9,16,16.5,17,18,2.1,0.5,0.5,1,,1,19,3,3,3,3,3,3,,,
BACCRE,23,49.3,95,13.1,13.1,13.2,13.2,14.4,0,0.1,0,1.2,,0.3,14.7,3,3,3,3,3,3,,,
MIC1CA,23,51.4,95.4,0,10.8,10.4,10.5,10.7,10.8,-0.4,0.1,0.2,,0,10.7,0,3,3,3,3,3,,,
MONOMA,23,52.8,99.7,0,0,10.4,12.1,12.2,0,10.4,1.7,0.1,,0.9,13.1,0,0,3,3,3,3,,,
AGLASP,23,54.6,97.8,0,0,11.8,10.8,11.9,0,11.8,-1,1.1,11.5,0,11.9,0,0,3,3,3,3,,,
MONOMA,23,53.5,99.8,0,0,10.7,11.4,11.3,0,10.7,0.7,-0.1,,0.3,11.6,0,0,3,3,3,3,,,
MEMEMI,23,59.9,99,11.5,11.7,11.8,11.7,11.8,0.2,0.1,-0.1,0.1,,0.1,11.9,3,3,3,3,3,3,,,
ATUNPE,23,58.6,97.8,0,0,10.4,10.7,10.9,0,10.4,0.3,0.2,,0.3,11.2,0,0,3,3,3,3,,,
PIMEGR,23,47.2,86,19.1,19,19.6,19.7,20.2,-0.1,0.6,0.1,0.5,,0.3,20.5,3,3,3,3,4,4,,,
CYNOMA,23,48.9,85.6,26.4,27.1,27.6,28.6,29.5,0.7,0.5,1,0.9,29,0.8,30.3,4,4,4,4,4,5,,,
SANDKO,23,50.2,84.2,30.1,30,30.5,30.6,30.4,-0.1,0.5,0.1,-0.2,,0.1,30.5,5,5,5,5,5,5,,,
EUGEDU,23,50.7,82.9,15.5,16,16.1,16.4,16.6,0.5,0.1,0.3,0.2,,0.3,16.9,3,3,3,3,3,3,,,
KNEMSC,23,55.1,82.7,16,16.2,16.7,17.2,17.4,0.2,0.5,0.5,0.2,,0.4,17.8,3,3,3,3,3,3,,,
PAYELU,23,54.2,84.1,13.9,13.9,14.4,14.4,14.4,0,0.5,0,0,,0.1,14.5,3,3,3,3,3,3,,,
NEOSKI,23,59.3,82.7,35.4,36,36.4,36.8,37.2,0.6,0.4,0.4,0.4,,0.5,37.7,5,5,5,5,5,5,,,
PAYELU,23,55.6,86.2,18.2,19.4,20.2,20.8,21.6,1.2,0.8,0.6,0.8,,0.9,22.5,3,3,4,4,4,4,,,
KNEMSC,23,48.4,88,0,11.1,11.4,11.6,11.8,11.1,0.3,0.2,0.2,12.3,0.2,12,0,3,3,3,3,3,,,
XANTRU,23,47.3,99.9,22.2,22.7,23.1,23.9,24.3,0.5,0.4,0.8,0.4,,0.5,24.8,4,4,4,4,4,4,,,
MONOMA,24,67,90,26,27.9,29.2,30.4,31.7,1.9,1.3,1.2,1.3,,1.4,33.1,4,4,4,5,5,5,,,
DACRR1,24,65.7,91.4,18,20.2,20.7,20.9,21.1,2.2,0.5,0.2,0.2,,0.8,21.9,3,4,4,4,4,4,,,
MESURA,24,64.1,94,18.1,19.4,20.5,21.7,22.6,1.3,1.1,1.2,0.9,22.1,1.1,23.7,3,3,4,4,4,4,,,
XANTEU,24,64.4,99.5,0,0,12.8,13.2,13.2,0,12.8,0.4,0,,0.2,13.4,0,0,3,3,3,3,,,
SHORM1,24,70.5,89,28,28.4,28.3,28.5,29,0.4,-0.1,0.2,0.5,,0.3,29.3,4,4,4,4,4,4,,,
DRYPLO,24,70.8,95.7,14.4,14.9,15,15,15.4,0.5,0.1,0,0.4,,0.3,15.7,3,3,3,3,3,3,,,
KNEMMA,24,78.7,98.2,16.8,17.6,18.2,18.7,19.4,0.8,0.6,0.5,0.7,19.1,0.7,20.1,3,3,3,3,3,4,,,
SHORM1,24,75.9,83.2,14.3,14.2,14.5,14.7,15.2,-0.1,0.3,0.2,0.5,,0.2,15.4,3,3,3,3,3,3,,,
NAUCOF,24,73.8,81,12,12,12.1,12.3,12.3,0,0.1,0.2,0,12.8,0.1,12.4,3,3,3,3,3,3,,,
SHORL2,24,69.6,83.1,95.8,95.8,95.8,96.7,96.8,0,0,0.9,0.1,,0.2,97,9,9,9,9,9,9,,,
TIMOWA,24,67.6,81.4,14.1,14.1,14.1,13.9,14.2,0,0,-0.2,0.3,,0,14.2,3,3,3,3,3,3,,,
DIOSSI,24,72.4,99.6,13.2,13.3,14.5,13.3,13.5,0.1,1.2,-1.2,0.2,13.8,0.1,13.6,3,3,3,3,3,3,,,
APORBR,25,82,81.6,13,9.9,13.2,13.5,13.6,-3.1,3.3,0.3,0.1,,0.2,13.8,3,2,3,3,3,3,,,
CASTME,25,86.4,82.6,29.9,18.9,33.2,34.5,36.7,-11,14.3,1.3,2.2,,1.7,38.4,4,3,5,5,5,5,,,
MEMEAM,25,85.2,83,0,0,12.7,12.7,13.2,0,12.7,0,0.5,13.5,0.3,13.5,0,0,3,3,3,3,,,
APORAU,25,87.4,84,0,0,12.1,12.4,12.8,0,12.1,0.3,0.4,13.1,0.4,13.2,0,0,3,3,3,3,,,
ALANRI,25,90.8,80.7,11.5,14.2,11.4,11.5,11.6,2.7,-2.8,0.1,0.1,,0,11.6,3,3,3,3,3,3,,,
DACRR1,25,89.8,81.6,0,11.7,12,12.7,13.3,11.7,0.3,0.7,0.6,13.5,0.5,13.8,0,3,3,3,3,3,,,
STERPA,25,91.6,84.9,20.1,21.5,22.1,22.8,23.4,1.4,0.6,0.7,0.6,,0.8,24.2,4,4,4,4,4,4,,,
EUGEC1,25,94.1,86.2,20.1,22.2,23,24.4,25.1,2.1,0.8,1.4,0.7,,1.3,26.4,4,4,4,4,4,4,,,
ELAEP3,25,93.5,85,0,12.7,12.2,13.2,13.2,12.7,-0.5,1,0,,0.2,13.4,0,3,3,3,3,3,,,
ARTOKE,25,94,83.2,0,11.8,12,12,12.2,11.8,0.2,0,0.2,,0.1,12.3,0,3,3,3,3,3,,,
APORBR,25,96,83.5,0,10.1,10.2,10.4,10.4,10.1,0.1,0.2,0,,0.1,10.5,0,3,3,3,3,3,,,
DIPLMA,25,94.3,86.8,14.1,15.1,15.8,16,16.9,1,0.7,0.2,0.9,,0.7,17.6,3,3,3,3,3,3,,,
CALOTE,25,88.4,90.3,22.4,23.6,24.6,25.3,26,1.2,1,0.7,0.7,,0.9,26.9,4,4,4,4,4,4,,,
POL1RU,25,82.6,89.8,18.4,18.9,18.9,19.3,19.6,0.5,0,0.4,0.3,,0.3,19.9,3,3,3,3,3,3,,,
EUGEC1,25,80.3,86,17.7,17.8,18,17.9,18.1,0.1,0.2,-0.1,0.2,,0.1,18.2,3,3,3,3,3,3,,,
DIPTC1,25,85.3,88.2,11.3,11.4,11.4,9.7,11.6,0.1,0,-1.7,1.9,,0.1,11.7,3,3,3,2,3,3,,,
DRYPLO,25,80.7,91.6,14.8,14.9,15,14.9,15.1,0.1,0.1,-0.1,0.2,,0.1,15.2,3,3,3,3,3,3,,,
ELLATA,25,80.4,93.4,10.9,10.9,10.8,11,11,0,-0.1,0.2,0,,0,11,3,3,3,3,3,3,,,
SHORM1,25,82.7,95.2,16.7,17.4,18.5,19.2,20.4,0.7,1.1,0.7,1.2,,0.9,21.3,3,3,3,3,4,4,,,
EUGEC1,25,83.4,96.1,26.1,16.5,16.8,17.4,18,-9.6,0.3,0.6,0.6,17.5,-2,16,4,3,3,3,3,3,,,
SHORP2,25,85.5,98.1,63.5,63.5,64.8,67.3,67.5,0,1.3,2.5,0.2,,1,68.5,8,8,8,8,8,8,,,
GIRONE,25,86.8,95.3,13.8,14,14.8,14.9,15.1,0.2,0.8,0.1,0.2,15.3,0.3,15.4,3,3,3,3,3,3,,,
DIPTC1,25,90.5,95.1,21.7,22,22.1,22.2,22.3,0.3,0.1,0.1,0.1,,0.2,22.5,4,4,4,4,4,4,,,
CANALR,25,93.1,95.1,61.3,61.4,61.7,61.7,61.8,0.1,0.3,0,0.1,,0.1,61.9,8,8,8,8,8,8,,,
DYERCO,25,93.5,95.4,41.2,42.1,41.7,41.4,41.6,0.9,-0.4,-0.3,0.2,,0.1,41.7,6,6,6,6,6,6,,,
INTSPA,25,91.4,93.7,23.7,24.2,24.1,23.9,23.8,0.5,-0.1,-0.2,-0.1,,0,23.8,4,4,4,4,4,4,,,
SHORM1,25,92,93.3,11.3,11.6,12.2,12.5,13.2,0.3,0.6,0.3,0.7,,0.5,13.7,3,3,3,3,3,3,,,
DIPTC1,25,97.6,94.5,19.5,20.1,20.5,21.3,21.8,0.6,0.4,0.8,0.5,,0.6,22.4,3,4,4,4,4,4,,,
ALANEB,25,97,94.2,0,12.5,13.7,14.2,15.1,12.5,1.2,0.5,0.9,,0.9,16,0,3,3,3,3,3,,,
DIOSBU,25,97.3,95.5,0,12,12.6,13.4,14.3,12,0.6,0.8,0.9,,0.8,15.1,0,3,3,3,3,3,,,
XERONO,25,99.8,93,0,12.8,12.9,11.3,11.6,12.8,0.1,-1.6,0.3,,-0.4,11.2,0,3,3,3,3,3,,,
ARCHBU,25,96.4,94.1,0,10.1,11,12.3,13.4,10.1,0.9,1.3,1.1,12.9,1.1,14.5,0,3,3,3,3,3,,,
QUERAR,25,99.6,82.3,25.9,33.4,34.7,36.4,36.7,7.5,1.3,1.7,0.3,,2.7,39.4,4,5,5,5,5,5,,,
ELATTA,26,80,100,41,41.8,41.8,42.2,42.1,0.8,0,0.4,-0.1,42.7,0.3,42.4,6,6,6,6,6,6,,,
PORTAN,26,80.9,101.3,20.3,21,21.9,23.3,23.6,0.7,0.9,1.4,0.3,,0.8,24.4,4,4,4,4,4,4,,,
HOPEDR,26,83.6,104.4,0,12.7,13.8,15.1,16.8,12.7,1.1,1.3,1.7,,1.4,18.2,0,3,3,3,3,3,,,
DIPTC1,26,88.8,105.1,35.6,35.9,37.8,37.5,38.6,0.3,1.9,-0.3,1.1,,0.8,39.4,5,5,5,5,5,5,,,
ARCHBU,26,89,106,0,15.1,16.4,17.4,18.8,15.1,1.3,1,1.4,,1.2,20,0,3,3,3,3,4,,,
MEMEMI,26,88.3,109.5,20,20.8,21.5,22,22.5,0.8,0.7,0.5,0.5,,0.6,23.1,4,4,4,4,4,4,,,
MEZZLE,26,89.2,108.8,14.2,14.4,14.5,14.4,14.7,0.2,0.1,-0.1,0.3,14.8,0.1,14.8,3,3,3,3,3,3,,,
PTYCCO,26,89.4,108.7,0,10.8,10.8,10.8,10.9,10.8,0,0,0.1,11.5,0,10.9,0,3,3,3,3,3,,,
LANSDO,26,85.1,119.5,52,52,52.5,54.6,54.7,0,0.5,2.1,0.1,,0.7,55.4,7,7,7,7,7,7,,,
ALANEB,26,84.5,118,13.6,14.1,14.7,14.7,15.2,0.5,0.6,0,0.5,,0.4,15.6,3,3,3,3,3,3,,,
KOILLO,26,89.7,118.1,21,21.6,21.9,21.6,21.8,0.6,0.3,-0.3,0.2,,0.2,22,4,4,4,4,4,4,,,
OCHAAM,26,91.1,118.5,0,11.1,11.5,11.7,12.8,11.1,0.4,0.2,1.1,12.3,0.6,13.4,0,3,3,3,3,3,,,
CHRYLA,26,97.4,119.4,32.2,34.7,35.7,36.5,37,2.5,1,0.8,0.5,,1.2,38.2,5,5,5,5,5,5,,,
DRYPPE,26,98.9,116.9,11.3,11.3,11.3,11.3,11.6,0,0,0,0.3,,0.1,11.7,3,3,3,3,3,3,,,
MONOMA,26,94.4,111.8,27.2,30.5,32.4,33.4,35.9,3.3,1.9,1,2.5,33.8,2.2,38.1,4,5,5,5,5,5,,,
DIPTC1,26,95.5,111.5,55.2,55.7,56.7,58.4,58.6,0.5,1,1.7,0.2,58.7,0.9,59.5,7,7,7,7,7,7,,,
POL1GL,26,95.9,108.8,25.9,27.8,28.5,30.6,28.9,1.9,0.7,2.1,-1.7,,0.7,29.6,4,4,4,5,4,4,,,
MONOMA,26,96.6,102.3,23.1,24.9,26.9,27.7,28.8,1.8,2,0.8,1.1,,1.4,30.2,4,4,4,4,4,5,,,
MEMEAM,26,98.2,101.2,0,0,10.5,10.7,11.5,0,10.5,0.2,0.8,,0.5,12,0,0,3,3,3,3,,,
APORAU,26,92.3,103.5,13.1,13.6,14.3,14.9,15.4,0.5,0.7,0.6,0.5,,0.6,16,3,3,3,3,3,3,,,
ALANRI,27,64.2,104.1,13,12.9,13,13.1,13.1,-0.1,0.1,0.1,0,,0,13.1,3,3,3,3,3,3,,,
DACRR1,27,62.2,101.8,0,0,10.8,10.7,10.7,0,10.8,-0.1,0,11.4,-0.1,10.6,0,0,3,3,3,3,,,
SHORM2,27,68.3,104.2,28.1,25.6,25.9,27.1,26.4,-2.5,0.3,1.2,-0.7,,-0.4,26,4,4,4,4,4,4,,,
EUGEPU,27,69.1,108,17,17,17.7,18,18.2,0,0.7,0.3,0.2,,0.3,18.5,3,3,3,3,3,3,,,
OCHAAM,27,79.2,109.4,11.6,15,15.2,15.8,16.4,3.4,0.2,0.6,0.6,,1.2,17.6,3,3,3,3,3,3,,,
SINDWA,27,66.4,107.5,0,14,14.9,15.2,16.5,14,0.9,0.3,1.3,,0.8,17.3,0,3,3,3,3,3,,,
DIOSRU,27,70.4,109,0,10.8,10.9,11,11.3,10.8,0.1,0.1,0.3,,0.2,11.5,0,3,3,3,3,3,,,
LEPISE,27,71.6,115.2,29.2,28.6,29.3,30.3,29.8,-0.6,0.7,1,-0.5,30.6,0.2,30,4,4,4,5,4,5,,,
SYMPAD,27,72,114.5,16.4,17.3,17.4,17.4,17.9,0.9,0.1,0,0.5,,0.4,18.3,3,3,3,3,3,3,,,
SHORM2,27,61.2,109.2,31.3,31.5,32,32.8,33.3,0.2,0.5,0.8,0.5,,0.5,33.8,5,5,5,5,5,5,,,
SAR1GR,27,67.1,117.4,71.2,73.7,73.7,74.2,74.8,2.5,0,0.5,0.6,,0.9,75.7,9,9,9,9,9,9,,,
SCA2MA,27,68.1,117.2,16.5,17.4,17.8,18.3,18.6,0.9,0.4,0.5,0.3,,0.5,19.1,3,3,3,3,3,3,,,
APORNI,27,74,115.5,12.9,13.4,13.3,13.2,13.3,0.5,-0.1,-0.1,0.1,,0.1,13.4,3,3,3,3,3,3,,,
MEMEMI,27,74.5,118.2,12.5,13,13.2,13.2,13.4,0.5,0.2,0,0.2,,0.2,13.6,3,3,3,3,3,3,,,
ANI1LA,27,78.8,110.3,30.4,31.8,32.6,33.6,35,1.4,0.8,1,1.4,,1.2,36.2,5,5,5,5,5,5,,,
KNEMPA,27,79.2,119.2,13.4,13.9,13.9,14.1,14.6,0.5,0,0.2,0.5,,0.3,14.9,3,3,3,3,3,3,,,
HOPEME,27,78.6,118,0,11.9,12.7,12.8,13.5,11.9,0.8,0.1,0.7,,0.5,14,0,3,3,3,3,3,,,
SHORM1,27,76.6,102.8,25.4,30.8,31,33.5,35,5.4,0.2,2.5,1.5,33.9,2.4,37.4,4,5,5,5,5,5,,,
HOPEME,27,76,103.5,0,14.6,15.8,16.6,17.9,14.6,1.2,0.8,1.3,,1.1,19,0,3,3,3,3,3,,,
GIROPA,27,77,100.8,0,0,12.5,13.1,13.4,0,12.5,0.6,0.3,,0.5,13.9,0,0,3,3,3,3,,,
MONOMA,28,42.8,103.9,16.8,18,18,19.6,20.2,1.2,0,1.6,0.6,20,0.8,21,3,3,3,3,4,4,,,
INTSPA,28,49.8,103.8,46,45,45.5,44.4,45.8,-1,0.5,-1.1,1.4,,-0.1,45.7,6,6,6,6,6,6,,,
CYNOMA,28,49.2,103.2,16,17,17.6,18.3,19.7,1,0.6,0.7,1.4,18.8,0.9,20.6,3,3,3,3,3,4,,,
NEPHER,28,41.6,108.3,18.4,18.6,18.9,18.5,18.7,0.2,0.3,-0.4,0.2,19,0.1,18.8,3,3,3,3,3,3,,,
CROTLA,28,42.2,105.8,0,0,15.9,16.3,17.3,0,15.9,0.4,1,,0.7,18,0,0,3,3,3,3,,,
CASTME,28,40.4,118,0,12.1,12.9,13.5,14.2,12.1,0.8,0.6,0.7,,0.7,14.9,0,3,3,3,3,3,,,
SHORM2,28,44.3,115.9,14.8,14.7,14.7,14.8,14.8,-0.1,0,0.1,0,,0,14.8,3,3,3,3,3,3,,,
LITHWA,28,44.7,113.1,28.6,31,32.4,33.6,34.8,2.4,1.4,1.2,1.2,,1.6,36.4,4,5,5,5,5,5,,,
CALOSO,28,47.6,113.1,0,10.6,10.8,11.1,11.3,10.6,0.2,0.3,0.2,,0.2,11.5,0,3,3,3,3,3,,,
PIMEGR,28,48.4,115.2,0,13.7,14.2,14.3,15,13.7,0.5,0.1,0.7,,0.4,15.4,0,3,3,3,3,3,,,
RYPAKU,28,48.4,111.4,11.7,12.1,12.3,12.4,12.2,0.4,0.2,0.1,-0.2,,0.1,12.3,3,3,3,3,3,3,,,
SINDEC,28,48.6,115.2,17.4,18.4,18.8,19.4,20.3,1,0.4,0.6,0.9,,0.7,21,3,3,3,3,4,4,,,
DIPLMA,28,51.5,111,0,15.9,16.1,16.3,17.2,15.9,0.2,0.2,0.9,,0.4,17.6,0,3,3,3,3,3,,,
BACCPY,28,54.6,111.5,0,10.5,10.5,10.6,11.7,10.5,0,0.1,1.1,,0.4,12.1,0,3,3,3,3,3,,,
RYPAKU,28,56.5,113.7,19.2,19.9,20,20.4,22.4,0.7,0.1,0.4,2,20.8,0.8,23.2,3,3,4,4,4,4,,,
ADENBI,28,59.4,116,29.5,31.2,31.9,32.8,34.4,1.7,0.7,0.9,1.6,,1.2,35.6,4,5,5,5,5,5,,,
GARCPA,28,56.8,115.1,0,14.4,14.4,14.4,15.1,14.4,0,0,0.7,15.2,0.2,15.3,0,3,3,3,3,3,,,
BEILP2,28,56.2,117.4,0,10.9,11.1,11.3,12.2,10.9,0.2,0.2,0.9,,0.4,12.6,0,3,3,3,3,3,,,
EUGESC,28,57.4,114.6,0,10.5,10.9,11.2,11.6,10.5,0.4,0.3,0.4,,0.4,12,0,3,3,3,3,3,,,
ALPHMA,28,56.4,117,0,0,10.8,10.8,11.5,0,10.8,0,0.7,,0.4,11.9,0,0,3,3,3,3,,,
KOOMMA,28,56.9,108.3,116.3,116.3,116.5,119.2,119.6,0,0.2,2.7,0.4,,0.8,120.4,9,9,9,9,9,9,,,
SCHOAC,29,26,101,64.2,64.2,64.2,66.3,66.6,0,0,2.1,0.3,,0.6,67.2,8,8,8,8,8,8,,,
ARTOLO,29,26.8,100.5,27.2,28.6,29,28.4,28.7,1.4,0.4,-0.6,0.3,,0.4,29.1,4,4,4,4,4,4,,,
DACRR1,29,31.8,100.1,19.3,19.6,19.6,19.3,19.3,0.3,0,-0.3,0,19.9,0,19.3,3,3,3,3,3,3,,,
DACRR1,29,31.5,101.9,17.8,17.9,18.4,18.5,18.7,0.1,0.5,0.1,0.2,,0.2,18.9,3,3,3,3,3,3,,,
SAR1GR,29,29,107.7,44.5,46.2,46.5,46.2,46.2,1.7,0.3,-0.3,0,,0.4,46.6,6,6,6,6,6,6,,,
EUGECL,29,27.1,109.1,40.5,43.9,45.4,46.7,46.8,3.4,1.5,1.3,0.1,,1.6,48.4,6,6,6,6,6,6,,,
SHORM1,29,26.4,109.5,0,20.1,20.8,21.7,23.4,20.1,0.7,0.9,1.7,,1.1,24.5,0,4,4,4,4,4,,,
SHORM2,29,27.8,108.2,0,29.9,31.1,32.5,33.6,29.9,1.2,1.4,1.1,33.7,1.2,34.8,0,4,5,5,5,5,,,
LANSDO,29,23.2,108.8,28.1,28.4,28.6,28.8,29.5,0.3,0.2,0.2,0.7,29.3,0.4,29.9,4,4,4,4,4,4,,,
XANTRU,29,25.3,113.5,30.4,31,31.1,32,32.1,0.6,0.1,0.9,0.1,32.4,0.4,32.5,5,5,5,5,5,5,,,
SHORM1,29,39.6,108.5,19.1,28.3,30,31.5,32.4,9.2,1.7,1.5,0.9,,3.3,35.7,3,4,5,5,5,5,,,
SHORM1,29,22,119.8,0,0,10.7,10.8,11.2,0,10.7,0.1,0.4,,0.2,11.4,0,0,3,3,3,3,,,
XANTEU,29,35.1,115.3,12.8,12.5,12.5,12.6,12.6,-0.3,0,0.1,0,13,-0.1,12.5,3,3,3,3,3,3,,,
SCHOAC,29,36.4,117.3,69.4,69.4,69.4,68.3,69.4,0,0,-1.1,1.1,,0,69.4,8,8,8,8,8,8,,,
PALAH2,29,39.7,117.6,27.6,27.6,27.6,27.6,27.8,0,0,0,0.2,28,0,27.8,4,4,4,4,4,4,,,
HORSPO,29,38.1,114.1,19.2,19.5,19.8,19.8,20.1,0.3,0.3,0,0.3,,0.2,20.3,3,3,3,3,4,4,,,
EUGENA,29,38.6,113,0,13.8,14.7,15.5,16.2,13.8,0.9,0.8,0.7,,0.8,17,0,3,3,3,3,3,,,
NEPHER,29,39,109.4,38.5,27.9,28,27.7,28.3,-10.6,0.1,-0.3,0.6,,-2.6,25.7,5,4,4,4,4,4,,,
HOPEME,29,39.4,108.5,0,10.9,11.6,11.8,12.6,10.9,0.7,0.2,0.8,12.6,0.6,13.2,0,3,3,3,3,3,,,
DACRRO,29,33.2,116.8,20.2,20.6,21,21.1,21.8,0.4,0.4,0.1,0.7,,0.4,22.2,4,4,4,4,4,4,,,
LANSDO,29,38,105.8,16.9,17.1,17.1,17.1,17.3,0.2,0,0,0.2,,0.1,17.4,3,3,3,3,3,3,,,
DURIGR,30,3.2,102.9,29.6,28.4,28.7,28.9,28.7,-1.2,0.3,0.2,-0.2,,-0.2,28.5,4,4,4,4,4,4,,,
MONOMA,30,4.7,104.6,0,13.4,14.5,15.3,16.3,13.4,1.1,0.8,1,,1,17.3,0,3,3,3,3,3,,,
MACALO,30,8.7,102.6,0,0,10.5,10.8,11.3,0,10.5,0.3,0.5,,0.4,11.7,0,0,3,3,3,3,,,
MESUFE,30,9.3,103,22.9,23.7,23.8,24.4,24.8,0.8,0.1,0.6,0.4,,0.5,25.3,4,4,4,4,4,4,,,
MEMEO2,30,8.4,110.7,28.3,28.4,29.4,30.1,30.9,0.1,1,0.7,0.8,,0.6,31.5,4,4,4,5,5,5,,,
EUGEP3,30,2.9,114.5,41.9,46,47.6,48.5,49.1,4.1,1.6,0.9,0.6,,1.8,50.9,6,6,6,6,6,7,,,
OCHAAM,30,3.3,115,15.3,16.1,16.9,17,17.2,0.8,0.8,0.1,0.2,17.5,0.5,17.7,3,3,3,3,3,3,,,
SHORM1,30,17.4,112.8,0,17.8,18.4,19.4,20.2,17.8,0.6,1,0.8,,0.8,21,0,3,3,3,4,4,,,
BOUEOP,30,16.8,114.3,0,14.2,15,15.7,16.3,14.2,0.8,0.7,0.6,,0.7,17,0,3,3,3,3,3,,,
IRVIMA,30,14.5,105.8,76.8,76.8,80.8,80.9,82.1,0,4,0.1,1.2,81.6,1.3,83.4,9,9,9,9,9,9,,,
MACALO,30,13.5,105.5,0,10.6,10.9,11.1,11.3,10.6,0.3,0.2,0.2,,0.2,11.5,0,3,3,3,3,3,,,
KNEMLA,30,14.2,106.4,0,10.1,10.1,10.2,11.4,10.1,0,0.1,1.2,,0.4,11.8,0,3,3,3,3,3,,,
EUGESU,30,15.6,112.5,16.6,16.9,17.8,18.2,18.3,0.3,0.9,0.4,0.1,,0.4,18.7,3,3,3,3,3,3,,,
ALANRI,31,4.2,125.7,21.2,21.5,21.9,21.9,22.5,0.3,0.4,0,0.6,,0.3,22.8,4,4,4,4,4,4,,,
MEMEPU,31,4.8,124.8,11.7,12,12.3,12.4,12.9,0.3,0.3,0.1,0.5,,0.3,13.2,3,3,3,3,3,3,,,
GONOGR,31,8.1,122.3,11,10.9,11,11.1,11.3,-0.1,0.1,0.1,0.2,11.5,0.1,11.4,3,3,3,3,3,3,,,
SHORL2,31,7.8,123.3,66.5,70.9,70.9,71.6,71.8,4.4,0,0.7,0.2,,1.3,73.1,8,9,9,9,9,9,,,
NEOSKI,31,8,121.4,0,13.8,13.8,14.3,15,13.8,0,0.5,0.7,,0.4,15.4,0,3,3,3,3,3,,,
PORTAN,31,7.2,124.3,0,13.6,13.8,14,14.3,13.6,0.2,0.2,0.3,,0.2,14.5,0,3,3,3,3,3,,,
NEPHOP,31,8.8,129.2,33.9,34.6,35.8,36.7,37.9,0.7,1.2,0.9,1.2,37.1,1,38.9,5,5,5,5,5,5,,,
SHORP2,31,9.2,128.9,14.2,15.1,16.2,16.4,18.6,0.9,1.1,0.2,2.2,,1.1,19.7,3,3,3,3,3,3,,,
MANGQU,31,13.8,129.8,0,0,12,12.5,12.8,0,12,0.5,0.3,13.2,0.4,13.2,0,0,3,3,3,3,,,
EUGEC1,31,5.7,131.1,14.7,14.9,14.9,14.1,15.4,0.2,0,-0.8,1.3,,0.2,15.6,3,3,3,3,3,3,,,
SHORP1,31,6.4,131.4,0,16.5,17.3,15.9,18.6,16.5,0.8,-1.4,2.7,,0.7,19.3,0,3,3,3,3,3,,,
CROTLA,31,8,131,0,0,16.3,16.8,16.9,0,16.3,0.5,0.1,17.6,0.3,17.2,0,0,3,3,3,3,,,
RYPAKU,31,1.4,137.3,0,12.8,11.8,11.9,12.2,12.8,-1,0.1,0.3,,-0.2,12,0,3,3,3,3,3,,,
CASTME,31,3.3,138,0,14.2,14.2,14.2,14.3,14.2,0,0,0.1,15,0,14.3,0,3,3,3,3,3,,,
SHORP1,31,0.4,138.2,0,11.3,11.3,11.6,12.4,11.3,0,0.3,0.8,12.3,0.4,12.8,0,3,3,3,3,3,,,
BEILDI,31,7.8,136.2,47,48.5,49.6,51,51.2,1.5,1.1,1.4,0.2,51.4,1.1,52.3,6,6,6,7,7,7,,,
MEMEMI,31,11.5,138.2,0,0,10.8,10.8,10.6,0,10.8,0,-0.2,,-0.1,10.5,0,0,3,3,3,3,,,
GARCPA,31,12.8,137.5,0,0,10.9,11.2,11.3,0,10.9,0.3,0.1,,0.2,11.5,0,0,3,3,3,3,,,
KIBAMA,31,15.4,137.2,0,0,11.3,14.5,12.1,0,11.3,3.2,-2.4,,0.4,12.5,0,0,3,3,3,3,,,
MANGQU,31,13.2,131.2,0,0,12.5,13,14.1,0,12.5,0.5,1.1,13.7,0.8,14.9,0,0,3,3,3,3,,,
SHORMA,31,18.5,129.2,0,0,14.7,15.9,16.9,0,14.7,1.2,1,16.5,1.1,18,0,0,3,3,3,3,,,
DURIGR,31,17.7,121.5,14.9,15,15,14.9,15,0.1,0,-0.1,0.1,,0,15,3,3,3,3,3,3,,,
HOPEME,31,18,122,0,16.7,16.8,16.9,17,16.7,0.1,0.1,0.1,,0.1,17.1,0,3,3,3,3,3,,,
TRI3MA,31,17.7,121.2,0,11.2,11.6,12.1,12.6,11.2,0.4,0.5,0.5,,0.5,13.1,0,3,3,3,3,3,,,
XANTEU,32,20,120,13.2,13.2,13.1,13,13.2,0,-0.1,-0.1,0.2,,0,13.2,3,3,3,3,3,3,,,
SHORM1,32,25.2,121,0,17.8,19.7,21.2,23.3,17.8,1.9,1.5,2.1,,1.8,25.1,0,3,3,4,4,4,,,
PTYCCO,32,21.4,129.9,23.4,25.7,28.6,31.6,34.3,2.3,2.9,3,2.7,,2.7,37,4,4,4,5,5,5,,,
SHORM1,32,30,130,12.7,15.1,16.8,18.1,20,2.4,1.7,1.3,1.9,,1.8,21.8,3,3,3,3,4,4,,,
SHORM1,32,30.8,130.4,0,11.8,13,13.8,15.6,11.8,1.2,0.8,1.8,,1.3,16.9,0,3,3,3,3,3,,,
SHORM1,32,33.2,126.6,0,11.7,12.3,13,14,11.7,0.6,0.7,1,,0.8,14.8,0,3,3,3,3,3,,,
SHORP2,32,30.2,129.4,0,12.7,13.8,14.9,16.3,12.7,1.1,1.1,1.4,15.6,1.2,17.5,0,3,3,3,3,3,,,
SHORM1,32,26.2,133,0,18.3,20.4,22.2,24.6,18.3,2.1,1.8,2.4,,2.1,26.7,0,3,4,4,4,4,,,
XANTGR,32,28.2,132.8,0,13.1,13.4,13.6,14.1,13.1,0.3,0.2,0.5,,0.3,14.4,0,3,3,3,3,3,,,
SHORP2,32,32,133.5,0,21.2,24.8,28.1,31.8,21.2,3.6,3.3,3.7,,3.5,35.3,0,4,4,4,5,5,,,
HOPEME,32,35.3,133,0,14.6,16,17.2,19.1,14.6,1.4,1.2,1.9,,1.5,20.6,0,3,3,3,3,4,,,
SHORP2,32,32,133.5,0,12.8,13.9,10.6,15.6,12.8,1.1,-3.3,5,,0.9,16.5,0,3,3,3,3,3,,,
NEOBHE,32,28.6,139.6,0,12.3,13,13.5,14.1,12.3,0.7,0.5,0.6,,0.6,14.7,0,3,3,3,3,3,,,
SHORM1,32,39.6,138,0,0,10.8,12.4,13.3,0,10.8,1.6,0.9,,1.3,14.6,0,0,3,3,3,3,,,
PTYCCO,32,34.1,131.7,13.8,14,14,14,14.3,0.2,0,0,0.3,,0.1,14.4,3,3,3,3,3,3,,,
GANUSN,32,32.6,127.6,36.6,37,37.3,37.4,37.8,0.4,0.3,0.1,0.4,37.9,0.3,38.1,5,5,5,5,5,5,,,
MEMEAM,32,37.8,124.2,11.9,12.1,12,12.3,12.5,0.2,-0.1,0.3,0.2,,0.2,12.7,3,3,3,3,3,3,,,
ARCHBU,32,33.4,123.6,0,22.5,23.3,25.7,25.8,22.5,0.8,2.4,0.1,26.6,1.1,26.9,0,4,4,4,4,4,,,
MACALO,32,35.8,123.4,0,11.1,11.3,11.4,13.6,11.1,0.2,0.1,2.2,12.2,0.8,14.4,0,3,3,3,3,3,,,
QUERAR,32,33.6,125.6,0,12.4,13.8,15,16.4,12.4,1.4,1.2,1.4,,1.3,17.7,0,3,3,3,3,3,,,
SHORM1,32,32.6,120.8,0,15.6,16.6,18.2,20.6,15.6,1,1.6,2.4,19,1.7,22.3,0,3,3,3,4,4,,,
ELATTA,32,39.2,121.4,37.2,37.4,37.4,37.5,38.1,0.2,0,0.1,0.6,,0.2,38.3,5,5,5,5,5,5,,,
EUGECL,32,39.1,123.2,11.4,11.6,11.8,11.9,12,0.2,0.2,0.1,0.1,,0.2,12.2,3,3,3,3,3,3,,,
HOPEME,33,41.2,120.4,27.5,30.1,31.5,32.4,32.5,2.6,1.4,0.9,0.1,,1.3,33.8,4,5,5,5,5,5,,,
MILLAT,33,47.8,123.6,18.2,18.9,19.3,19.7,20.9,0.7,0.4,0.4,1.2,,0.7,21.6,3,3,3,3,4,4,,,
DACRR1,33,50,121.2,13.6,13.6,13.8,13.7,13.9,0,0.2,-0.1,0.2,,0.1,14,3,3,3,3,3,3,,,
MILLAT,33,51.8,121,14.5,14.7,15,15,15.4,0.2,0.3,0,0.4,,0.2,15.6,3,3,3,3,3,3,,,
DACRR1,33,46,126.2,14,13.9,14.2,14.2,14.5,-0.1,0.3,0,0.3,,0.1,14.6,3,3,3,3,3,3,,,
MEMEAM,33,46.7,127.3,15.9,15.3,15.2,15.5,16.9,-0.6,-0.1,0.3,1.4,,0.3,17.2,3,3,3,3,3,3,,,
CANTDI,33,45.3,127.6,35.2,35.7,36,34.4,37,0.5,0.3,-1.6,2.6,,0.5,37.5,5,5,5,5,5,5,,,
SHORAC,33,43.5,128,0,15.5,15.8,15.9,17.2,15.5,0.3,0.1,1.3,,0.6,17.8,0,3,3,3,3,3,,,
CANAAP,33,47.7,128.5,54,54,54.2,54.9,55,0,0.2,0.7,0.1,,0.3,55.3,7,7,7,7,7,7,,,
MEMEAM,33,43,130.4,0,12.4,13.3,14,15.2,12.4,0.9,0.7,1.2,14.7,0.9,16.1,0,3,3,3,3,3,,,
SANTLA,33,41.9,132,0,15.3,16.4,17.5,18.9,15.3,1.1,1.1,1.4,,1.2,20.1,0,3,3,3,3,4,,,
MESUFE,33,45,131,0,11.1,11.5,12,12.4,11.1,0.4,0.5,0.4,,0.4,12.8,0,3,3,3,3,3,,,
SHOROV,33,47,136.6,0,13.1,14.9,15.7,17.5,13.1,1.8,0.8,1.8,,1.5,19,0,3,3,3,3,3,,,
MILLAT,33,50,137.4,0,15,16.4,17.8,19.2,15,1.4,1.4,1.4,18.5,1.4,20.6,0,3,3,3,3,4,,,
ANI1LA,33,54.7,137.6,21.5,22.5,23,23.7,24.3,1,0.5,0.7,0.6,24.1,0.7,25,4,4,4,4,4,4,,,
CALOWA,33,54.8,137.1,23.4,23.8,24,24.5,24.6,0.4,0.2,0.5,0.1,,0.3,24.9,4,4,4,4,4,4,,,
AIDICO,33,57.4,139.6,0,0,19.8,20.4,21.6,0,19.8,0.6,1.2,,0.9,22.5,0,0,3,4,4,4,,,
SHORP2,33,55.2,134.6,95.2,95.2,95.4,96.7,96.9,0,0.2,1.3,0.2,,0.4,97.3,9,9,9,9,9,9,,,
SHORM1,33,50.8,130.2,0,0,13.2,13.8,15.1,0,13.2,0.6,1.3,,1,16.1,0,0,3,3,3,3,,,
SAR1GR,33,53.8,128.6,40.8,42,41.3,42,42.9,1.2,-0.7,0.7,0.9,,0.5,43.4,6,6,6,6,6,6,,,
KNEMSC,33,56,125.5,20.5,20.9,21.1,21.3,22.3,0.4,0.2,0.2,1,,0.5,22.8,4,4,4,4,4,4,,,
PAYELU,33,40,139.6,17.1,17.5,17.8,17.7,17.5,0.4,0.3,-0.1,-0.2,,0.1,17.6,3,3,3,3,3,3,,,
DIOSSI,34,62.2,124.6,16.1,16.8,16.8,17.2,16.8,0.7,0,0.4,-0.4,17.7,0.2,17,3,3,3,3,3,3,,,
CALODE,34,62.2,123.8,0,10.8,10.9,12.3,13.1,10.8,0.1,1.4,0.8,12.9,0.8,13.9,0,3,3,3,3,3,,,
SCHOAC,34,62,125.6,0,18.2,19,19.3,20,18.2,0.8,0.3,0.7,,0.6,20.6,0,3,3,3,4,4,,,
ELAEFL,34,65.4,138.3,34,33.5,34.4,34.7,39.3,-0.5,0.9,0.3,4.6,,1.3,40.6,5,5,5,5,5,6,,,
SINDEC,34,63.4,129.4,14.3,15,15.7,16.4,17.3,0.7,0.7,0.7,0.9,,0.8,18.1,3,3,3,3,3,3,,,
SANDKO,34,64.9,128.8,0,13.1,13.2,13.5,14,13.1,0.1,0.3,0.5,,0.3,14.3,0,3,3,3,3,3,,,
SANTTO,34,62.4,139.8,19.8,14,20.5,21.5,23.6,-5.8,6.5,1,2.1,,1,24.6,3,3,4,4,4,4,,,
VATIBE,34,79.6,134.3,17.3,17.7,18.2,18.2,18.4,0.4,0.5,0,0.2,,0.3,18.7,3,3,3,3,3,3,,,
XERONO,34,79.5,133.2,0,14.6,15.2,15.7,17,14.6,0.6,0.5,1.3,,0.8,17.8,0,3,3,3,3,3,,,
DIPTC1,34,77.2,132.3,14.1,14.5,14.6,14.9,14.6,0.4,0.1,0.3,-0.3,15.4,0.1,14.7,3,3,3,3,3,3,,,
SHORM1,34,76,131.2,0,10.5,11.2,12.2,12.8,10.5,0.7,1,0.6,,0.8,13.6,0,3,3,3,3,3,,,
GIROSU,34,72.8,129,13.9,14.4,14.5,14.5,14.7,0.5,0.1,0,0.2,,0.2,14.9,3,3,3,3,3,3,,,
ALANEB,34,73.4,128.8,0,13.4,13.5,14.6,15.6,13.4,0.1,1.1,1,15.3,0.7,16.3,0,3,3,3,3,3,,,
KNEMSC,34,75.7,129.7,22.6,22.9,23.3,23,23.3,0.3,0.4,-0.3,0.3,23.5,0.2,23.5,4,4,4,4,4,4,,,
PEN1MO,34,70.3,127.6,40.3,40.3,38.6,39.9,40.2,0,-1.7,1.3,0.3,,0,40.2,6,6,5,5,6,6,,,
DRYPLO,34,70.6,127.8,0,10.9,11.2,11.5,11.5,10.9,0.3,0.3,0,,0.2,11.7,0,3,3,3,3,3,,,
LANSDO,34,70.6,126.5,0,12.8,12.9,12.4,13.1,12.8,0.1,-0.5,0.7,,0.1,13.2,0,3,3,3,3,3,,,
MONOMA,34,71.4,125.9,0,13.5,16.8,15.5,16.8,13.5,3.3,-1.3,1.3,16.6,1.1,17.9,0,3,3,3,3,3,,,
XERONO,34,72.8,124.8,20.2,20.9,21.5,21.7,22.6,0.7,0.6,0.2,0.9,,0.6,23.2,4,4,4,4,4,4,,,
MADHL1,34,77.3,125,39.3,41,42,43,43.2,1.7,1,1,0.2,,1,44.2,5,6,6,6,6,6,,,
DIPTC1,34,78.4,122,78.3,78.4,78.4,79.2,79.4,0.1,0,0.8,0.2,,0.3,79.7,9,9,9,9,9,9,,,
POL1SU,34,77.8,121.8,0,14.2,14.4,14.5,15.6,14.2,0.2,0.1,1.1,15.4,0.5,16.1,0,3,3,3,3,3,,,
SCA1SP,35,81,120.4,16.2,17.1,17.1,17,17.2,0.9,0,-0.1,0.2,,0.3,17.5,3,3,3,3,3,3,,,
XERONO,35,85.9,120,19,19.8,20.6,20.9,21.8,0.8,0.8,0.3,0.9,,0.7,22.5,3,3,4,4,4,4,,,
MONOMA,35,89.7,129.4,22,23,23,23,23.8,1,0,0,0.8,,0.5,24.3,4,4,4,4,4,4,,,
BARRPE,35,83.7,127.4,0,11,11.3,11.7,12.5,11,0.3,0.4,0.8,12.5,0.5,13,0,3,3,3,3,3,,,
XERONO,35,82.5,137.6,21.8,22.6,23.1,23.3,23.3,0.8,0.5,0.2,0,23.8,0.4,23.7,4,4,4,4,4,4,,,
XANTEU,35,82,139.6,9.2,11.5,11.6,11.6,11.8,2.3,0.1,0,0.2,12.1,0.7,12.5,2,3,3,3,3,3,,,
CALODI,35,83.8,132.8,0,12.9,13.3,13.5,13.6,12.9,0.4,0.2,0.1,,0.2,13.8,0,3,3,3,3,3,,,
NEOBHE,35,84.4,130.2,0,12,12.7,12.8,12.9,12,0.7,0.1,0.1,,0.3,13.2,0,3,3,3,3,3,,,
BRACHO,35,88.8,134.8,24.5,34.9,34.4,32.1,35.2,10.4,-0.5,-2.3,3.1,,2.7,37.9,4,5,5,5,5,5,,,
LITHCU,35,88.4,136.7,55.9,58,59.6,61.4,61.6,2.1,1.6,1.8,0.2,,1.4,63,7,7,7,8,8,8,,,
CYATRA,35,90,133,0,10.8,11,11.2,12.4,10.8,0.2,0.2,1.2,,0.5,12.9,0,3,3,3,3,3,,,
CLE1SU,35,90.2,138.5,0,12,12,12.1,12.2,12,0,0.1,0.1,,0.1,12.3,0,3,3,3,3,3,,,
DIOSBU,35,89.7,139.6,0,11.5,11.6,11.7,11.8,11.5,0.1,0.1,0.1,,0.1,11.9,0,3,3,3,3,3,,,
CYNOMA,35,93.4,135.5,46.7,46.7,46.8,50.5,50.7,0,0.1,3.7,0.2,50.6,1,51.7,6,6,6,7,7,7,,,
SHORM1,35,93,137.5,0,15.8,16.5,16.9,17.4,15.8,0.7,0.4,0.5,,0.5,17.9,0,3,3,3,3,3,,,
PAROVA,35,97.5,134.1,24.9,25.1,25.1,25.5,25.6,0.2,0,0.4,0.1,,0.2,25.8,4,4,4,4,4,4,,,
HOMADI,35,97.8,131.7,54.2,52.8,53.4,53.4,53.5,-1.4,0.6,0,0.1,,-0.2,53.3,7,7,7,7,7,7,,,
IXONIC,35,96.9,128,29.5,31,33.2,30.6,31,1.5,2.2,-2.6,0.4,31.5,0.4,31.4,4,5,5,5,5,5,,,
SAR1GR,35,93.7,130.1,34.9,35.7,37.4,38.4,40.8,0.8,1.7,1,2.4,,1.5,42.3,5,5,5,5,6,6,,,
SANDKO,35,93.2,130.5,18.2,18.3,18.9,19,19.4,0.1,0.6,0.1,0.4,,0.3,19.7,3,3,3,3,3,3,,,
CYNOMA,35,97.1,126.5,22.5,23.3,23.8,24.4,25.2,0.8,0.5,0.6,0.8,,0.7,25.9,4,4,4,4,4,4,,,
HORSS2,35,97.3,123.6,40.8,41.7,42.3,42.7,42.8,0.9,0.6,0.4,0.1,,0.5,43.3,6,6,6,6,6,6,,,
XERONO,35,93.7,123,0,15.4,16.2,16.4,16.8,15.4,0.8,0.2,0.4,,0.5,17.3,0,3,3,3,3,3,,,
LANSDO,36,85.4,145.2,17.4,18.2,18.5,19.9,20.1,0.8,0.3,1.4,0.2,20.2,0.7,20.8,3,3,3,3,4,4,,,
MONOMA,36,83,149,0,19,19,18.9,18.9,19,0,-0.1,0,19.8,0,18.9,0,3,3,3,3,3,,,
SARADE,36,89.9,157.6,30.6,29,29.7,28.7,31.2,-1.6,0.7,-1,2.5,,0.2,31.4,5,4,4,4,5,5,,,
SARADE,36,92.7,157.6,31.3,31.6,30.9,30.3,30.8,0.3,-0.7,-0.6,0.5,,-0.1,30.7,5,5,5,5,5,5,,,
SARADE,36,94.4,156.4,31.1,31.4,32.4,32.7,31.6,0.3,1,0.3,-1.1,,0.1,31.7,5,5,5,5,5,5,,,
SARADE,36,93.3,154,39.3,31.9,28.5,28.5,28.7,-7.4,-3.4,0,0.2,,-2.7,26,5,5,4,4,4,4,,,
GYMNFO,36,96.3,154.4,40,40.7,41.1,41.5,42.6,0.7,0.4,0.4,1.1,41.9,0.7,43.3,6,6,6,6,6,6,,,
SARADE,36,98,148,28.4,30.1,30.5,31.3,31.6,1.7,0.4,0.8,0.3,,0.8,32.4,4,5,5,5,5,5,,,
SARADE,36,98.1,149.2,0,11.7,11.2,11.1,12.4,11.7,-0.5,-0.1,1.3,,0.2,12.6,0,3,3,3,3,3,,,
SARADE,36,99.5,143.3,21.8,21.9,22.2,22.4,24.6,0.1,0.3,0.2,2.2,,0.7,25.3,4,4,4,4,4,4,,,
XANTST,37,67.6,145.2,21.2,22.5,23.8,14.4,21.3,1.3,1.3,-9.4,6.9,,0,21.3,4,4,4,3,4,4,,,
DURIGR,37,70.8,146.3,13.7,14,14.2,14.8,15.6,0.3,0.2,0.6,0.8,,0.5,16.1,3,3,3,3,3,3,,,
RYPAKU,37,67.6,154.4,0,14.8,15.2,15.2,15.3,14.8,0.4,0,0.1,,0.2,15.5,0,3,3,3,3,3,,,
IXONIC,37,65.8,158.8,25.6,26,26.2,25.6,26,0.4,0.2,-0.6,0.4,,0.1,26.1,4,4,4,4,4,4,,,
POMEPA,37,63.8,158.4,9.3,11.1,11.2,11,11.9,1.8,0.1,-0.2,0.9,,0.7,12.6,2,3,3,3,3,3,,,
DRYPPO,37,62.2,158.2,0,11.5,11,11,12,11.5,-0.5,0,1,,0.2,12.2,0,3,3,3,3,3,,,
SAR1GR,37,69.8,154.6,94.8,95,95,97.1,97.1,0.2,0,2.1,0,,0.6,97.7,9,9,9,9,9,9,,,
PALAMA,37,69.4,155,0,16.2,17.2,17.4,17.6,16.2,1,0.2,0.2,,0.5,18.1,0,3,3,3,3,3,,,
OCHAAM,37,68.7,155.8,0,15.2,15.2,15.4,15.8,15.2,0,0.2,0.4,,0.2,16,0,3,3,3,3,3,,,
PORTAN,37,68,156.7,0,16,16.3,16.8,17.9,16,0.3,0.5,1.1,17.6,0.6,18.5,0,3,3,3,3,3,,,
BACCKU,37,73.8,148.2,12.9,13,13,13,13,0.1,0,0,0,,0,13,3,3,3,3,3,3,,,
SANTRU,37,76.4,146,0,16.8,17.6,18.8,19.4,16.8,0.8,1.2,0.6,,0.9,20.3,0,3,3,3,3,4,,,
MACAHO,37,75.6,150,0,21.1,21.7,22.4,22.4,21.1,0.6,0.7,0,,0.4,22.8,0,4,4,4,4,4,,,
MEL1FU,37,72.1,150,19,19.1,19.1,19.5,20.1,0.1,0,0.4,0.6,,0.3,20.4,3,3,3,3,4,4,,,
POL1SC,37,70.4,149.4,21.4,21.5,22.2,22.5,22.7,0.1,0.7,0.3,0.2,22.9,0.3,23,4,4,4,4,4,4,,,
XANTEU,38,53.5,140.2,16.7,16.9,16.9,17,17,0.2,0,0.1,0,,0.1,17.1,3,3,3,3,3,3,,,
SANTTO,38,40.5,140.4,32.3,23.3,23.3,23,23.6,-9,0,-0.3,0.6,,-2.2,21.4,5,4,4,4,4,4,,,
EUGECL,38,43.6,144.2,18.4,13.1,14.2,15.1,14.6,-5.3,1.1,0.9,-0.5,,-1,13.6,3,3,3,3,3,3,,,
NEOBHE,38,40.8,141.6,0,11,12,12.6,13.4,11,1,0.6,0.8,,0.8,14.2,0,3,3,3,3,3,,,
PIMEGR,38,40.5,143,0,10.6,10.7,12.1,13.5,10.6,0.1,1.4,1.4,12.8,1,14.5,0,3,3,3,3,3,,,
ARCHBU,38,43.9,147.3,12.2,18.6,18.2,19.2,19.6,6.4,-0.4,1,0.4,19.8,1.9,21.5,3,3,3,3,3,4,,,
KNEMLA,38,45.1,146.8,0,11.2,12.3,12.7,14.1,11.2,1.1,0.4,1.4,,1,15.1,0,3,3,3,3,3,,,
SHORM2,38,52.2,150.1,52.6,53,53,54.1,54.3,0.4,0,1.1,0.2,,0.4,54.7,7,7,7,7,7,7,,,
MESURA,38,50.6,148.8,12.5,12.6,12.8,13,13.4,0.1,0.2,0.2,0.4,,0.2,13.6,3,3,3,3,3,3,,,
GLUTM2,38,43.1,153.9,21,22.7,23.2,24.4,25.8,1.7,0.5,1.2,1.4,,1.2,27,4,4,4,4,4,4,,,
MONOMA,38,42.7,154,0,12.6,24.2,25.2,26.4,12.6,11.6,1,1.2,,4.6,31,0,3,4,4,4,5,,,
RYPAKU,38,42.1,154.8,14.9,15.2,15.8,15.9,16.4,0.3,0.6,0.1,0.5,,0.4,16.8,3,3,3,3,3,3,,,
EUGECH,38,40.5,154.6,0,12.9,13.2,13.6,13.8,12.9,0.3,0.4,0.2,,0.3,14.1,0,3,3,3,3,3,,,
GANUSN,38,49.8,156.8,20.2,20.5,20.9,21.1,21.2,0.3,0.4,0.2,0.1,,0.2,21.4,4,4,4,4,4,4,,,
OCHAAM,38,49.6,155,0,13.4,13.9,14.5,15.8,13.4,0.5,0.6,1.3,,0.8,16.6,0,3,3,3,3,3,,,
ANI1LA,38,59.6,151.7,46,49.5,48.1,50.1,50.3,3.5,-1.4,2,0.2,,1.1,51.4,6,6,6,7,7,7,,,
EUGEDU,38,56.4,150.9,19.3,19.8,20.2,20.4,20.4,0.5,0.4,0.2,0,,0.3,20.7,3,3,4,4,4,4,,,
PAYELU,38,57.2,148.8,0,10.5,10.7,10.8,10.8,10.5,0.2,0.1,0,11.6,0.1,10.9,0,3,3,3,3,3,,,
SANTAP,38,55.4,142.3,0,10.4,10.8,11.2,11.8,10.4,0.4,0.4,0.6,12,0.5,12.3,0,3,3,3,3,3,,,
SHORL2,38,56.2,143.6,0,34.4,36.1,39,43,34.4,1.7,2.9,4,,2.9,45.9,0,5,5,5,6,6,,,
MILLAT,38,56.6,142.2,0,19.8,20,20.9,22.1,19.8,0.2,0.9,1.2,,0.8,22.9,0,3,4,4,4,4,,,
OCHAAM,38,57.4,145.4,0,13.6,14.5,14.6,15.6,13.6,0.9,0.1,1,15.5,0.7,16.3,0,3,3,3,3,3,,,
CANALR,39,26.5,141.3,10.7,11.1,11.8,12.5,12.9,0.4,0.7,0.7,0.4,,0.6,13.5,3,3,3,3,3,3,,,
MILLAT,39,27.8,141.4,15.7,16.7,17.9,19.1,20.4,1,1.2,1.2,1.3,,1.2,21.6,3,3,3,3,4,4,,,
PAROVA,39,28,140.5,21.8,24,24,23.9,24.2,2.2,0,-0.1,0.3,,0.6,24.8,4,4,4,4,4,4,,,
SHORL1,39,28,149,0,19,19.8,22,24.2,19,0.8,2.2,2.2,,1.7,25.9,0,3,3,4,4,4,,,
DIALWA,39,30.3,149.5,17.1,18.3,19.7,20.7,21.2,1.2,1.4,1,0.5,,1,22.2,3,3,3,4,4,4,,,
DIPLMA,39,26.6,151.1,0,12.6,12.6,13.7,14,12.6,0,1.1,0.3,,0.5,14.5,0,3,3,3,3,3,,,
MESUFE,39,21.5,149.1,14,19.7,20.2,21.1,21.4,5.7,0.5,0.9,0.3,,1.9,23.3,3,3,4,4,4,4,,,
SHORM2,39,22.1,147,0,11.5,12.5,13.6,14.9,11.5,1,1.1,1.3,,1.1,16,0,3,3,3,3,3,,,
CROTAR,39,25,147.5,0,13.2,14.1,15,16,13.2,0.9,0.9,1,,0.9,16.9,0,3,3,3,3,3,,,
SCHOAC,39,22.4,153.2,37.4,37.4,37.6,40.3,41.7,0,0.2,2.7,1.4,,1.1,42.8,5,5,5,6,6,6,,,
PORTAN,39,22.8,153.5,0,19,16.3,16.7,17.4,19,-2.7,0.4,0.7,,-0.5,16.9,0,3,3,3,3,3,,,
CROTAR,39,22.1,153.8,0,11.6,12.3,13,13.4,11.6,0.7,0.7,0.4,13.7,0.6,14,0,3,3,3,3,3,,,
SHORM2,39,23.5,154.2,0,11.2,11.2,11.1,11.4,11.2,0,-0.1,0.3,,0.1,11.5,0,3,3,3,3,3,,,
PIMEGR,39,20.8,154.6,0,15.6,16.2,16.5,17,15.6,0.6,0.3,0.5,,0.5,17.5,0,3,3,3,3,3,,,
SANTLA,39,24.7,159.1,75.8,75.8,75.8,76.5,77,0,0,0.7,0.5,,0.3,77.3,9,9,9,9,9,9,,,
MONOMA,39,24.4,159.7,0,15.6,15.6,16.7,20.4,15.6,0,1.1,3.7,,1.6,22,0,3,3,3,4,4,,,
KNEMCO,39,33.2,151.7,0,13.9,14.9,15.2,16,13.9,1,0.3,0.8,,0.7,16.7,0,3,3,3,3,3,,,
DRYPLO,39,38.6,147.3,19.5,20.2,20.8,20.6,20.9,0.7,0.6,-0.2,0.3,,0.3,21.2,3,4,4,4,4,4,,,
CROTAR,39,39.6,148,0,0,10.5,11.2,12,0,10.5,0.7,0.8,,0.8,12.8,0,0,3,3,3,3,,,
CALODI,39,37.6,142.5,17.3,20.1,22.2,22.2,22.4,2.8,2.1,0,0.2,,1.3,23.7,3,4,4,4,4,4,,,
KNEMHO,40,7.1,145.2,30.8,31.1,31.1,30.8,31.1,0.3,0,-0.3,0.3,31.5,0.1,31.2,5,5,5,5,5,5,,,
BACCRE,40,5.8,143.8,16.9,17.3,17.6,18,18.3,0.4,0.3,0.4,0.3,,0.4,18.7,3,3,3,3,3,3,,,
CASTME,40,5.5,142.8,0,12.3,13.1,13.1,13.3,12.3,0.8,0,0.2,,0.3,13.6,0,3,3,3,3,3,,,
EUGEC1,40,0.4,148,19.4,20.4,20.6,20.8,20.9,1,0.2,0.2,0.1,21.4,0.4,21.3,3,4,4,4,4,4,,,
BEILDI,40,1.1,150.6,46.3,48,48.6,49.2,50.9,1.7,0.6,0.6,1.7,,1.2,52.1,6,6,6,6,7,7,,,
RYPAKU,40,0.9,152.9,24.5,24.3,24.5,24.6,24.8,-0.2,0.2,0.1,0.2,,0.1,24.9,4,4,4,4,4,4,,,
CALODI,40,8.3,152,0,11.1,11.5,11.5,11.8,11.1,0.4,0,0.3,12.4,0.2,12,0,3,3,3,3,3,,,
MONOMA,40,5,152.2,0,0,10.2,10,10.1,0,10.2,-0.2,0.1,,-0.1,10,0,0,3,3,3,3,,,
GIRONE,40,3,155,0,10.5,11.2,11.9,12.2,10.5,0.7,0.7,0.3,,0.6,12.8,0,3,3,3,3,3,,,
IXONIC,40,6.9,148.8,27.6,29,29.4,30,31,1.4,0.4,0.6,1,,0.9,31.9,4,4,4,5,5,5,,,
ARCHBU,40,13.2,148.4,0,16.3,16.8,16.6,17.2,16.3,0.5,-0.2,0.6,,0.3,17.5,0,3,3,3,3,3,,,
CROTAR,40,15.4,149.3,0,12.3,13,14,14.6,12.3,0.7,1,0.6,,0.8,15.4,0,3,3,3,3,3,,,
PTYCCO,41,3,162.3,14.8,14.7,14.8,14.7,15,-0.1,0.1,-0.1,0.3,,0.1,15.1,3,3,3,3,3,3,,,
CANALR,41,8.5,160.7,0,11.5,12.8,13.5,14.4,11.5,1.3,0.7,0.9,,1,15.4,0,3,3,3,3,3,,,
XANTST,41,2,171.3,16.6,16.7,16.6,16.3,16.7,0.1,-0.1,-0.3,0.4,,0,16.7,3,3,3,3,3,3,,,
CRY1RU,41,5.2,171,0,12.6,13.9,16,16.3,12.6,1.3,2.1,0.3,,1.2,17.5,0,3,3,3,3,3,,,
MESUFE,41,0.7,171.5,0,11.1,12,13.3,15.4,11.1,0.9,1.3,2.1,,1.4,16.8,0,3,3,3,3,3,,,
EUGEFI,41,2.4,170,0,15.4,15.4,15.5,16.1,15.4,0,0.1,0.6,,0.2,16.3,0,3,3,3,3,3,,,
APORPE,41,2.3,175.4,24.9,25.1,25.4,25.7,27,0.2,0.3,0.3,1.3,,0.5,27.5,4,4,4,4,4,4,,,
DIPTKU,41,10.8,165.7,99,110.4,100.3,101.2,102,11.4,-10.1,0.9,0.8,,0.7,102.7,9,9,9,9,9,9,,,
SHORM2,41,8.8,167.6,0,10.2,10.5,10.9,11.3,10.2,0.3,0.4,0.4,,0.4,11.7,0,3,3,3,3,3,,,
MONOMA,41,17.3,167.7,24.1,25.3,26.4,26.5,28,1.2,1.1,0.1,1.5,,1,29,4,4,4,4,4,4,,,
LITHSU,41,14.7,171,0,0,10.2,11.4,11.8,0,10.2,1.2,0.4,,0.8,12.6,0,0,3,3,3,3,,,
HOPEDR,41,14.4,168.4,0,0,10.8,11.1,11,0,10.8,0.3,-0.1,11.8,0.1,11.1,0,0,3,3,3,3,,,
SHORP2,42,28.8,161.1,32.3,35.3,35.7,37.2,38.7,3,0.4,1.5,1.5,,1.6,40.3,5,5,5,5,5,6,,,
KNEMPA,42,28.6,161.4,16,16.3,17.1,17.6,18,0.3,0.8,0.5,0.4,,0.5,18.5,3,3,3,3,3,3,,,
XANTEU,42,30.7,161.2,13.2,13.5,13.8,13.8,13.6,0.3,0.3,0,-0.2,,0.1,13.7,3,3,3,3,3,3,,,
HOPEME,42,28.4,163.8,27.9,30,30.9,32.4,24,2.1,0.9,1.5,-8.4,,-1,23,4,5,5,5,4,4,,,
KOOMMA,42,23.3,166.9,68,68,68.2,69.1,69.4,0,0.2,0.9,0.3,,0.4,69.8,8,8,8,8,8,8,,,
SHORP1,42,23,168,0,18.2,19.5,21.2,23.2,18.2,1.3,1.7,2,,1.7,24.9,0,3,3,4,4,4,,,
IXONIC,42,21,167.2,0,0,10.4,11,11.5,0,10.4,0.6,0.5,,0.6,12.1,0,0,3,3,3,3,,,
MYRIM1,42,21,176.1,14.9,15.5,15.5,15.9,16.4,0.6,0,0.4,0.5,,0.4,16.8,3,3,3,3,3,3,,,
GONYAF,42,22.1,173.5,0,12.1,12.4,12.5,12.6,12.1,0.3,0.1,0.1,,0.2,12.8,0,3,3,3,3,3,,,
SANTLA,42,22.2,178.1,13,12.9,13,12.9,13.3,-0.1,0.1,-0.1,0.4,,0.1,13.4,3,3,3,3,3,3,,,
OCHAAM,42,23.3,177.9,13.5,13.7,13.7,13.5,14,0.2,0,-0.2,0.5,14,0.1,14.1,3,3,3,3,3,3,,,
NEPHCO,42,28.7,173.7,33.5,34.1,34.7,32.2,36,0.6,0.6,-2.5,3.8,,0.6,36.6,5,5,5,5,5,5,,,
SINDVE,42,29.7,173.3,0,12.9,13,13.4,14,12.9,0.1,0.4,0.6,,0.4,14.4,0,3,3,3,3,3,,,
HERIEL,42,32.1,171.3,12.4,19.5,19.8,20,20.5,7.1,0.3,0.2,0.5,20.7,2,22.5,3,3,3,4,4,4,,,
BHESPA,42,33.1,171.7,20.5,22.3,23.1,24.6,26,1.8,0.8,1.5,1.4,,1.4,27.4,4,4,4,4,4,4,,,
EUGEP3,42,37.9,172.6,42.5,39,39.2,39.6,40.6,-3.5,0.2,0.4,1,,-0.5,40.1,6,5,5,5,6,6,,,
GREWMI,42,38.1,170,17,17.2,17.4,17.3,17.6,0.2,0.2,-0.1,0.3,,0.2,17.8,3,3,3,3,3,3,,,
HOPEDR,42,38.8,169.5,0,12.4,13.1,13.8,14.6,12.4,0.7,0.7,0.8,,0.7,15.3,0,3,3,3,3,3,,,
MILLAT,42,39.1,164.3,23.9,25.2,26,27.2,28,1.3,0.8,1.2,0.8,,1,29,4,4,4,4,4,4,,,
PALAMA,42,35.9,164.5,25.2,27.5,28.8,30,31.6,2.3,1.3,1.2,1.6,30.5,1.6,33.2,4,4,4,5,5,5,,,
MYRICI,42,36.6,164.5,0,0,11.8,12.5,13,0,11.8,0.7,0.5,,0.6,13.6,0,0,3,3,3,3,,,
DACRR2,43,40.4,170.8,7.7,7.7,19.3,20.1,20.2,0,11.6,0.8,0.1,,3.1,23.3,2,2,3,4,4,4,,,
DACRLA,43,41,160.2,20.2,20.7,21,21.7,22,0.5,0.3,0.7,0.3,,0.5,22.5,4,4,4,4,4,4,,,
HOPEDR,43,43,160.7,0,10.8,11.9,12.5,13.6,10.8,1.1,0.6,1.1,,0.9,14.5,0,3,3,3,3,3,,,
ALPHMA,43,47.8,160.1,16.6,18.8,19,19.2,19.4,2.2,0.2,0.2,0.2,,0.7,20.1,3,3,3,3,3,4,,,
SINDVE,43,51.8,160.6,0,10.6,11,11.3,11.6,10.6,0.4,0.3,0.3,,0.3,11.9,0,3,3,3,3,3,,,
OCHAAM,43,49.7,162.9,26.7,27.1,27.2,27.2,27.9,0.4,0.1,0,0.7,,0.3,28.2,4,4,4,4,4,4,,,
MEZZLE,43,51.9,163,0,12.3,12.8,13.3,14,12.3,0.5,0.5,0.7,,0.6,14.6,0,3,3,3,3,3,,,
RYPAKU,43,45.3,168,19.4,20,20.6,20.5,21.3,0.6,0.6,-0.1,0.8,21.1,0.5,21.8,3,4,4,4,4,4,,,
DACRR1,43,46.4,165.6,0,13.6,14.4,14.7,15.4,13.6,0.8,0.3,0.7,15.6,0.6,16,0,3,3,3,3,3,,,
POMEPA,43,43.7,168.4,13.9,14,14,13.9,13.8,0.1,0,-0.1,-0.1,,0,13.8,3,3,3,3,3,3,,,
OCHAAM,43,40.5,171.3,23.6,24.3,24.8,24.8,25.4,0.7,0.5,0,0.6,,0.4,25.8,4,4,4,4,4,4,,,
PTEREC,43,45.8,172.7,25.5,25.5,25.5,25.6,25.4,0,0,0.1,-0.2,,0,25.4,4,4,4,4,4,4,,,
TRI1HY,43,44.5,177.8,26.6,27.2,27.5,28.3,28.7,0.6,0.3,0.8,0.4,,0.5,29.2,4,4,4,4,4,4,,,
SANTTO,43,42.6,178.7,10.3,41.3,41.7,42.3,43.6,31,0.4,0.6,1.3,43.5,8.3,51.9,3,6,6,6,6,7,,,
DIPTC1,43,52.9,177,10.8,10.8,10.9,10.8,11,0,0.1,-0.1,0.2,11.3,0,11,3,3,3,3,3,3,,,
SHORP2,43,52.4,177,13.1,12.8,12.8,12.8,12.8,-0.3,0,0,0,,-0.1,12.7,3,3,3,3,3,3,,,
SHORAC,43,57.1,178.9,47.7,49,49.5,50.3,51,1.3,0.5,0.8,0.7,,0.8,51.8,6,6,6,7,7,7,,,
EUGECL,43,55.3,179.4,0,11,11.5,11.9,11.8,11,0.5,0.4,-0.1,,0.3,12.1,0,3,3,3,3,3,,,
SHORP1,43,57,175.5,0,16.7,17,17.5,18.3,16.7,0.3,0.5,0.8,,0.5,18.8,0,3,3,3,3,3,,,
XANTGR,43,54.4,174.2,11.9,11.9,28,29.1,30.1,0,16.1,1.1,1,29.8,4.6,34.7,3,3,4,4,5,5,,,
MONOMA,43,53.8,172.5,27,27.5,28,28.2,28.9,0.5,0.5,0.2,0.7,,0.5,29.4,4,4,4,4,4,4,,,
DACRR1,43,54.4,172.2,30.6,30.7,31,30.8,31,0.1,0.3,-0.2,0.2,,0.1,31.1,5,5,5,5,5,5,,,
SHORDA,43,56.5,171.1,93.2,93.2,93.2,94.2,94.2,0,0,1,0,,0.3,94.5,9,9,9,9,9,9,,,
CROTAR,43,56.4,170,0,0,10.1,10.2,10.4,0,10.1,0.1,0.2,10.9,0.2,10.6,0,0,3,3,3,3,,,
CALODI,43,56.7,168.5,23.5,23.6,23.9,17.7,24,0.1,0.3,-6.2,6.3,,0.1,24.1,4,4,4,3,4,4,,,
SHORP2,43,55.1,167.2,0,11.3,11.8,12.5,13.2,11.3,0.5,0.7,0.7,,0.6,13.8,0,3,3,3,3,3,,,
BACCRE,43,59.1,171,20.3,16.8,18.9,18.9,19.6,-3.5,2.1,0,0.7,19.3,-0.2,19.4,4,3,3,3,3,3,,,
KIBAAR,43,59.9,165,12.7,11,12.8,12.8,12.7,-1.7,1.8,0,-0.1,,0,12.7,3,3,3,3,3,3,,,
APORNI,43,57.3,160,13.7,13.9,14,14.5,14.1,0.2,0.1,0.5,-0.4,15,0.1,14.2,3,3,3,3,3,3,,,
CROTAR,43,59.5,162.7,13.4,0,13.4,13.7,14,-13.4,13.4,0.3,0.3,,0.3,14.3,3,0,3,3,3,3,,,
PIMEGR,43,60,162.8,0,0,20.5,21.2,21.5,0,20.5,0.7,0.3,,0.5,22,0,0,4,4,4,4,,,
PALAH2,44,69.6,163.2,45.2,45.2,45.4,45.7,46,0,0.2,0.3,0.3,,0.2,46.2,6,6,6,6,6,6,,,
PAROVA,44,67,165.8,24.9,25,25.2,25.5,26,0.1,0.2,0.3,0.5,26,0.3,26.3,4,4,4,4,4,4,,,
XERONO,44,70.1,163.1,24,24,24.5,25.5,24.6,0,0.5,1,-0.9,,0.2,24.8,4,4,4,4,4,4,,,
POL1SU,44,71.3,163.2,9.4,13.7,13.8,13.9,14,4.3,0.1,0.1,0.1,,1.2,15.2,2,3,3,3,3,3,,,
ALANEB,44,70.4,163,0,12.3,13,13.4,14,12.3,0.7,0.4,0.6,,0.6,14.6,0,3,3,3,3,3,,,
PALAMA,44,68.3,170.1,19,19.5,19.8,19.9,20.1,0.5,0.3,0.1,0.2,20.4,0.3,20.4,3,3,3,3,4,4,,,
ALANEB,44,72.1,167.9,0,15.2,15.7,15.6,15.8,15.2,0.5,-0.1,0.2,,0.2,16,0,3,3,3,3,3,,,
SANTTO,44,64.1,169.9,38,38.9,38.6,38.2,39.6,0.9,-0.3,-0.4,1.4,,0.4,40,5,5,5,5,5,6,,,
PORTAN,44,65,172,0,12.2,12.1,12.1,11.6,12.2,-0.1,0,-0.5,,-0.2,11.4,0,3,3,3,3,3,,,
GARCAT,44,64,172.2,0,10.1,10.3,10.2,10.8,10.1,0.2,-0.1,0.6,,0.2,11,0,3,3,3,3,3,,,
SHORL1,44,75.1,178.7,0,15,15.9,17.3,18.4,15,0.9,1.4,1.1,,1.1,19.5,0,3,3,3,3,3,,,
SHORL1,44,72.7,178.5,0,18,20,21.6,22,18,2,1.6,0.4,,1.3,23.3,0,3,4,4,4,4,,,
MONOMA,44,70.9,173,23.1,24.8,26.1,28.1,28.7,1.7,1.3,2,0.6,,1.4,30.1,4,4,4,4,4,5,,,
DACRR1,44,73.3,173.5,0,14.8,11.8,12.6,11.8,14.8,-3,0.8,-0.8,,-1,10.8,0,3,3,3,3,3,,,
NEOBHE,44,75.1,170.2,17.9,18.4,18.7,18.8,19.3,0.5,0.3,0.1,0.5,,0.4,19.7,3,3,3,3,3,3,,,
APORAU,44,74.4,170.4,0,10.7,10.8,10.7,10.6,10.7,0.1,-0.1,-0.1,,0,10.6,0,3,3,3,3,3,,,
ALANEB,44,74.1,169,0,11,11.3,11.1,10.8,11,0.3,-0.2,-0.3,,-0.1,10.7,0,3,3,3,3,3,,,
PEN1MO,44,78.8,169.4,0,0,10.3,10.9,11,0,10.3,0.6,0.1,,0.4,11.4,0,0,3,3,3,3,,,
SCA1SP,44,70.4,163.2,0,0,10.1,10.2,10.3,0,10.1,0.1,0.1,11,0.1,10.4,0,0,3,3,3,3,,,
DACRR1,45,80.2,169.6,16.4,20.2,20.4,20.3,20.1,3.8,0.2,-0.1,-0.2,,0.9,21,3,4,4,4,4,4,,,
CYNOMA,45,85.4,168.3,20.2,13.6,13.6,14.8,14.1,-6.6,0,1.2,-0.7,,-1.5,12.6,4,3,3,3,3,3,,,
XERONO,45,82.9,168.6,12.8,16.3,16.3,16.3,16.4,3.5,0,0,0.1,,0.9,17.3,3,3,3,3,3,3,,,
SARADE,45,86.1,179.1,16.6,16,16.1,16,16.3,-0.6,0.1,-0.1,0.3,16.5,-0.1,16.2,3,3,3,3,3,3,,,
GIRONE,45,82.8,178.7,0,0,11.8,12,12.6,0,11.8,0.2,0.6,12.7,0.4,13,0,0,3,3,3,3,,,
SARADE,45,87.3,177.2,23.5,23.5,23.5,23.5,25.6,0,0,0,2.1,,0.5,26.1,4,4,4,4,4,4,,,
SARADE,45,86.8,176,0,24.1,24.3,24.1,24.3,24.1,0.2,-0.2,0.2,,0.1,24.4,0,4,4,4,4,4,,,
SARADE,45,89.6,178.1,25,25.9,25.9,26.7,27.6,0.9,0,0.8,0.9,,0.7,28.3,4,4,4,4,4,4,,,
SARADE,45,87.5,171.7,17.9,17.5,19.5,17.5,17.3,-0.4,2,-2,-0.2,,-0.2,17.1,3,3,3,3,3,3,,,
DRYPPO,45,85.8,172,0,10.3,10.8,10.7,10.8,10.3,0.5,-0.1,0.1,,0.2,11,0,3,3,3,3,3,,,
SARADE,45,88.4,170.2,18.7,19,18.8,19.7,20,0.3,-0.2,0.9,0.3,,0.3,20.3,3,3,3,3,4,4,,,
SARADE,45,89.2,169.1,38.3,38.3,38.2,39.1,39.3,0,-0.1,0.9,0.2,,0.2,39.5,5,5,5,5,5,5,,,
SARADE,45,91.3,162.7,39.3,47,47.1,44.2,44.3,7.7,0.1,-2.9,0.1,,1.3,45.6,5,6,6,6,6,6,,,
SARADE,45,94,174.6,48.3,48.1,48.1,48.2,48.6,-0.2,0,0.1,0.4,,0.1,48.7,6,6,6,6,6,6,,,
SARADE,45,92.2,174.5,0,16.6,16.6,17.2,18,16.6,0,0.6,0.8,,0.5,18.5,0,3,3,3,3,3,,,
SARADE,45,92.8,175.9,26.8,32.5,32.5,32.5,32.7,5.7,0,0,0.2,,1.5,34.2,4,5,5,5,5,5,,,
SARADE,45,93.7,177.7,14.6,15.4,15.4,15.5,15.7,0.8,0,0.1,0.2,16,0.3,16,3,3,3,3,3,3,,,
SARADE,45,95.9,177.1,14.6,13.8,13.8,14,14.3,-0.8,0,0.2,0.3,,-0.1,14.2,3,3,3,3,3,3,,,
SARADE,45,99.2,177.7,0,12.6,12.8,12.9,13.2,12.6,0.2,0.1,0.3,,0.2,13.4,0,3,3,3,3,3,,,
SARADE,45,95.6,178.4,32.5,34.5,34.7,32.1,32.2,2,0.2,-2.6,0.1,,-0.1,32.1,5,5,5,5,5,5,,,
SARADE,45,95.8,179.6,24.8,25.6,25.8,26.7,28,0.8,0.2,0.9,1.3,27.1,0.8,28.8,4,4,4,4,4,4,,,
BARRPE,46,81.7,190.3,52,52.4,53,53.4,54.5,0.4,0.6,0.4,1.1,,0.6,55.1,7,7,7,7,7,7,,,
BACCRA,46,82.4,189.5,0,13.7,13.7,13.8,13.9,13.7,0,0.1,0.1,,0.1,14,0,3,3,3,3,3,,,
RYPAKU,46,82.6,186.4,0,14.6,16.3,20,20.6,14.6,1.7,3.7,0.6,,2,22.6,0,3,3,4,4,4,,,
XYLOCA,46,83.4,185.1,0,21.6,22.8,23.9,24.8,21.6,1.2,1.1,0.9,,1.1,25.9,0,4,4,4,4,4,,,
MYRIM2,46,87.6,194.6,61.5,61.5,61.5,61.8,62.3,0,0,0.3,0.5,,0.2,62.5,8,8,8,8,8,8,,,
LEPISE,46,88,194.4,0,13,13.2,13.1,13.5,13,0.2,-0.1,0.4,,0.2,13.7,0,3,3,3,3,3,,,
SARADE,46,89.9,191.9,31.4,32.5,32.5,33.6,37.5,1.1,0,1.1,3.9,,1.5,39,5,5,5,5,5,5,,,
SARADE,46,87.8,184.7,19.3,19.2,19.2,19.1,19.2,-0.1,0,-0.1,0.1,,0,19.2,3,3,3,3,3,3,,,
SARADE,46,88.5,184.6,48.9,48.9,49,50.1,52.4,0,0.1,1.1,2.3,50.5,0.9,53.3,6,6,6,7,7,7,,,
SARADE,46,94.5,192,16.2,16.3,16.4,16.3,16.4,0.1,0.1,-0.1,0.1,,0,16.4,3,3,3,3,3,3,,,
SARADE,46,95.2,191.3,0,10.7,10.7,11.2,11.3,10.7,0,0.5,0.1,,0.2,11.5,0,3,3,3,3,3,,,
SARADE,46,94.9,196.7,6,17.3,17.3,18.5,18.1,11.3,0,1.2,-0.4,,3,21.1,2,3,3,3,3,4,,,
SARADE,46,95.5,198.2,20.6,36.2,36.2,36.3,37.1,15.6,0,0.1,0.8,,4.1,41.2,4,5,5,5,5,6,,,
SARADE,46,98.8,199.3,9.3,12.1,12.2,12.4,12.6,2.8,0.1,0.2,0.2,,0.8,13.4,2,3,3,3,3,3,,,
SARADE,46,96.4,199.5,0,13.2,13.2,13.8,15.1,13.2,0,0.6,1.3,,0.6,15.7,0,3,3,3,3,3,,,
SARADE,46,91.6,199.5,21.4,21.9,21.9,21.5,21.6,0.5,0,-0.4,0.1,,0.1,21.7,4,4,4,4,4,4,,,
SARADE,46,89.4,199.6,0,12.5,12.5,13.1,13,12.5,0,0.6,-0.1,,0.2,13.2,0,3,3,3,3,3,,,
SARADE,46,87.8,199.8,0,10.3,10.3,10.2,10.1,10.3,0,-0.1,-0.1,10.8,-0.1,10,0,3,3,3,3,3,,,
SARADE,46,91.9,180,28.6,28,28,28.1,31.4,-0.6,0,0.1,3.3,,0.7,32.1,4,4,4,4,5,5,,,
SARADE,46,95.2,188.4,16.3,21.6,21.6,21.4,20.6,5.3,0,-0.2,-0.8,,1.1,21.7,3,4,4,4,4,4,,,
SARADE,46,92.1,188.8,0,16.8,16.8,16.6,17.3,16.8,0,-0.2,0.7,,0.2,17.5,0,3,3,3,3,3,,,
SARADE,46,90.3,185.7,21.6,21.8,21.8,22.4,22.8,0.2,0,0.6,0.4,,0.3,23.1,4,4,4,4,4,4,,,
SARADE,46,91.7,183.9,18.8,19.1,19.1,20,21.6,0.3,0,0.9,1.6,,0.7,22.3,3,3,3,4,4,4,,,
SARADE,46,99.5,185.9,20.4,32,32,33.3,33.7,11.6,0,1.3,0.4,,3.3,37,4,5,5,5,5,5,,,
SARADE,46,99.6,184.2,0,15,15.1,15.1,15.7,15,0.1,0,0.6,,0.2,15.9,0,3,3,3,3,3,,,
SARADE,46,99.9,183.7,17.3,18.2,18.2,19.7,20.5,0.9,0,1.5,0.8,,0.8,21.3,3,3,3,3,4,4,,,
SARADE,46,99.6,181.2,24.8,25,25.1,25.4,25.8,0.2,0.1,0.3,0.4,,0.3,26.1,4,4,4,4,4,4,,,
SARADE,46,98.6,181,0,11.3,11.4,11.5,12.2,11.3,0.1,0.1,0.7,,0.3,12.5,0,3,3,3,3,3,,,
SARADE,46,99.7,180.6,13.8,14.1,14.1,14.2,15.6,0.3,0,0.1,1.4,,0.5,16.1,3,3,3,3,3,3,,,
SARADE,46,94.3,180.5,13.4,12.9,13,13,13.8,-0.5,0.1,0,0.8,13.5,0.1,13.9,3,3,3,3,3,3,,,
SARADE,46,93,180.4,0,15.7,15.7,15.6,15.8,15.7,0,-0.1,0.2,,0,15.8,0,3,3,3,3,3,,,
SARADE,46,92.4,181.9,15.6,15.3,15.1,15.2,15.7,-0.3,-0.2,0.1,0.5,,0,15.7,3,3,3,3,3,3,,,
XYLOM2,47,64.6,182.4,0,10.8,13.1,13.2,13.4,10.8,2.3,0.1,0.2,14.1,0.9,14.3,0,3,3,3,3,3,,,
ALPHEL,47,63.8,184.6,0,10.8,11.2,11.3,12.6,10.8,0.4,0.1,1.3,,0.6,13.2,0,3,3,3,3,3,,,
EUGE10,47,62.7,186.4,0,19.6,19.6,19.9,20.3,19.6,0,0.3,0.4,,0.2,20.5,0,3,3,3,4,4,,,
DIALPL,47,62.6,189,15.7,24.2,25.1,27.3,29.8,8.5,0.9,2.2,2.5,,3.5,33.3,3,4,4,4,4,5,,,
SHORL1,47,69.2,196.3,0,17,17.2,18.5,19.3,17,0.2,1.3,0.8,,0.8,20.1,0,3,3,3,3,4,,,
ANI1LA,47,62.2,196,13.8,13.8,13,13.1,14.6,0,-0.8,0.1,1.5,,0.2,14.8,3,3,3,3,3,3,,,
ADENBI,47,63.7,194.5,0,32.2,33.5,33.7,34.1,32.2,1.3,0.2,0.4,,0.6,34.7,0,5,5,5,5,5,,,
GREWFI,47,66.5,197.2,0,10.7,11.5,11.9,12.5,10.7,0.8,0.4,0.6,12.6,0.6,13.1,0,3,3,3,3,3,,,
MILLAT,47,61.4,196.4,0,10.9,11.1,11.1,11.1,10.9,0.2,0,0,,0.1,11.2,0,3,3,3,3,3,,,
EUGEDE,47,62.7,196.4,12,12.1,12,12,12.1,0.1,-0.1,0,0.1,,0,12.1,3,3,3,3,3,3,,,
EUGEDE,47,63.1,193.2,0,12.6,12.6,12.6,12.6,12.6,0,0,0,,0,12.6,0,3,3,3,3,3,,,
SHORM1,47,62,198.5,0,22.8,23.2,23.6,25.9,22.8,0.4,0.4,2.3,,1,26.9,0,4,4,4,4,4,,,
APORBR,47,61.3,199.8,0,12,11.9,11.9,11.8,12,-0.1,0,-0.1,,-0.1,11.7,0,3,3,3,3,3,,,
SHORL1,47,79.3,194.6,60.5,62.5,63.7,64.2,64.2,2,1.2,0.5,0,64.8,0.9,65.1,8,8,8,8,8,8,,,
CALORU,47,79.1,195.5,0,10.9,11.5,11.9,12.4,10.9,0.6,0.4,0.5,,0.5,12.9,0,3,3,3,3,3,,,
MEL1TO,47,76.5,193.3,0,10.3,10.8,11.1,11,10.3,0.5,0.3,-0.1,11.8,0.2,11.2,0,3,3,3,3,3,,,
CALODI,47,79,192.5,0,13.1,13.5,13.5,13.7,13.1,0.4,0,0.2,,0.2,13.9,0,3,3,3,3,3,,,
PTYCCO,47,77.4,188.2,16.7,16.9,17,16.8,16.9,0.2,0.1,-0.2,0.1,,0,16.9,3,3,3,3,3,3,,,
IXONIC,47,79.2,184.5,29.8,29.7,30.5,32.7,33.5,-0.1,0.8,2.2,0.8,33,0.9,34.4,4,4,5,5,5,5,,,
PIMEGR,47,76.7,188,0,10.2,10.3,10.2,10.5,10.2,0.1,-0.1,0.3,11,0.1,10.6,0,3,3,3,3,3,,,
KNEMCU,47,68.6,189.6,0,13.6,13.8,13.6,13.7,13.6,0.2,-0.2,0.1,,0,13.7,0,3,3,3,3,3,,,
ARTOSC,47,68.4,190.3,0,20.2,21.1,21,21,20.2,0.9,-0.1,0,,0.3,21.3,0,4,4,4,4,4,,,
PIMEGR,47,69.5,191.1,0,13.5,14.4,15,15.7,13.5,0.9,0.6,0.7,,0.7,16.4,0,3,3,3,3,3,,,
CHISTO,47,74.1,180.9,15.1,15.2,15.3,15.3,15.5,0.1,0.1,0,0.2,,0.1,15.6,3,3,3,3,3,3,,,
CROTAR,47,73.8,182.8,0,14.5,15.2,16,15.1,14.5,0.7,0.8,-0.9,16.8,0.2,15.3,0,3,3,3,3,3,,,
SAR1GR,47,71.1,182.2,0,23.3,24.5,24.9,25.2,23.3,1.2,0.4,0.3,,0.6,25.8,0,4,4,4,4,4,,,
SANDKO,47,70.4,181.4,0,11,11.1,11.6,11.8,11,0.1,0.5,0.2,12.4,0.3,12.1,0,3,3,3,3,3,,,
SHORM1,48,55.3,182.2,21.5,21.8,21.6,21.9,22.3,0.3,-0.2,0.3,0.4,,0.2,22.5,4,4,4,4,4,4,,,
SCA2MA,48,41.7,181.2,47.9,47.7,48.1,49.2,50.2,-0.2,0.4,1.1,1,,0.6,50.8,6,6,6,6,7,7,,,
BACCRE,48,43.7,184.5,38.7,38.7,40.2,40.8,41.5,0,1.5,0.6,0.7,,0.7,42.2,5,5,6,6,6,6,,,
DRYPLO,48,49.2,184,20.7,20.8,20.8,20.9,20.9,0.1,0,0.1,0,,0.1,21,4,4,4,4,4,4,,,
CROTAR,48,49.4,185,0,11.3,11.7,12,13.2,11.3,0.4,0.3,1.2,,0.6,13.8,0,3,3,3,3,3,,,
ALANEB,48,52.4,189,12.6,12.8,13,13,13.2,0.2,0.2,0,0.2,,0.2,13.4,3,3,3,3,3,3,,,
ALANRI,48,45.7,189.7,26.3,26.6,27.2,27.5,27.5,0.3,0.6,0.3,0,,0.3,27.8,4,4,4,4,4,4,,,
EUGESP,48,46.3,190.8,13.7,14.3,14.7,14.8,14.9,0.6,0.4,0.1,0.1,,0.3,15.2,3,3,3,3,3,3,,,
SHORP1,48,43.7,194.9,31.2,31.9,33.4,35,35.8,0.7,1.5,1.6,0.8,35.4,1.2,37,5,5,5,5,5,5,,,
XERONO,48,43.6,195.1,0,11.6,11.9,12.1,12.5,11.6,0.3,0.2,0.4,,0.3,12.8,0,3,3,3,3,3,,,
TRIOMA,48,51.8,194.7,16.9,18.1,18.8,19.4,20.2,1.2,0.7,0.6,0.8,,0.8,21,3,3,3,3,4,4,,,
PIMEGR,48,50.5,193.5,23.7,23.7,24,24.2,24.4,0,0.3,0.2,0.2,,0.2,24.6,4,4,4,4,4,4,,,
CYNOMA,48,49.7,199.3,20,19.9,19.9,20,20,-0.1,0,0.1,0,,0,20,4,3,3,4,4,4,,,
CROTAR,48,49.2,197.6,17.2,17.3,17.9,17.5,17.8,0.1,0.6,-0.4,0.3,,0.2,18,3,3,3,3,3,3,,,
EUGES2,48,54.8,199.6,15.4,16,16.2,16.2,16.6,0.6,0.2,0,0.4,,0.3,16.9,3,3,3,3,3,3,,,
SHORM1,48,57.3,196.6,0,27.2,28.5,30,30.7,27.2,1.3,1.5,0.7,,1.2,31.9,0,4,4,5,5,5,,,
MANGFO,48,57.5,191.5,77,77,81.9,82.4,83.2,0,4.9,0.5,0.8,,1.6,84.8,9,9,9,9,9,9,,,
PIMEGR,48,55.8,190.2,21.5,21.4,21.7,21.6,22.3,-0.1,0.3,-0.1,0.7,22.2,0.2,22.5,4,4,4,4,4,4,,,
DACRCO,48,52.3,189.9,38,38.2,38.2,38.3,38.3,0.2,0,0.1,0,,0.1,38.4,5,5,5,5,5,5,,,
LITHRA,48,58.1,184.4,12.4,29.8,31.5,33,33.8,17.4,1.7,1.5,0.8,,5.4,39.2,3,4,5,5,5,5,,,
HOPEDR,48,53.7,185.2,27.9,28.8,30.5,31.2,31.4,0.9,1.7,0.7,0.2,,0.9,32.3,4,4,5,5,5,5,,,
MEMEO2,48,56.5,180.6,21.7,31.3,32.6,32.5,33.2,9.6,1.3,-0.1,0.7,,2.9,36.1,4,5,5,5,5,5,,,
PTEREC,49,25.3,181.1,25.2,25.2,26,25.8,26,0,0.8,-0.2,0.2,,0.2,26.2,4,4,4,4,4,4,,,
MONOMA,49,25.7,188.9,31.5,31.6,32.1,32.2,34.1,0.1,0.5,0.1,1.9,,0.7,34.8,5,5,5,5,5,5,,,
ALPHMA,49,23.9,191.4,12.6,12.7,12.9,12.9,13,0.1,0.2,0,0.1,,0.1,13.1,3,3,3,3,3,3,,,
CALODI,49,22.9,190.4,0,16.1,16.7,17.7,18.6,16.1,0.6,1,0.9,,0.8,19.4,0,3,3,3,3,3,,,
EUGESD,49,27.2,190,0,13.6,13.8,13.8,13.8,13.6,0.2,0,0,,0.1,13.9,0,3,3,3,3,3,,,
CRY1IN,49,20.8,186.6,0,0,10.6,10.5,12.3,0,10.6,-0.1,1.8,,0.9,13.2,0,0,3,3,3,3,,,
MONOMA,49,32.1,194.7,44.3,43.6,45.2,46.3,46.9,-0.7,1.6,1.1,0.6,,0.7,47.6,6,6,6,6,6,6,,,
PORTAN,49,31.9,191,16.3,15.8,15.8,15.7,16.2,-0.5,0,-0.1,0.5,,0,16.2,3,3,3,3,3,3,,,
VATIBE,49,32.5,196.7,14.3,14.5,15.3,15.3,16,0.2,0.8,0,0.7,,0.4,16.4,3,3,3,3,3,3,,,
CINNIN,49,32.7,192.2,0,13.6,13.8,14,14.3,13.6,0.2,0.2,0.3,14.9,0.2,14.5,0,3,3,3,3,3,,,
TIMOWA,49,31,194.5,0,11.6,11.9,12.2,12.5,11.6,0.3,0.3,0.3,,0.3,12.8,0,3,3,3,3,3,,,
AIDICO,49,37.5,194.5,20.7,21.3,21.5,21.9,22.1,0.6,0.2,0.4,0.2,,0.4,22.5,4,4,4,4,4,4,,,
SHORP1,49,36.3,194.4,36.5,39.1,42.3,45,47.3,2.6,3.2,2.7,2.3,45.4,2.7,50,5,5,6,6,6,7,,,
CROTAR,49,35.1,195,0,12,12.2,12.2,12.6,12,0.2,0,0.4,,0.2,12.8,0,3,3,3,3,3,,,
POL1HY,49,36.9,184.4,13.2,0,13.5,14,13.9,-13.2,13.5,0.5,-0.1,,0.2,14.1,3,0,3,3,3,3,,,
SHORP1,49,39,187.2,41.9,45.5,47.5,48.8,50.2,3.6,2,1.3,1.4,,2.1,52.3,6,6,6,6,7,7,,,
PEN1MO,49,34.6,183.7,0,13.9,13.7,14,14.1,13.9,-0.2,0.3,0.1,,0.1,14.2,0,3,3,3,3,3,,,
INTSPA,49,35.9,180.6,25.5,31.5,26.5,26.2,26.8,6,-5,-0.3,0.6,,0.3,27.1,4,5,4,4,4,4,,,
MONOMA,49,35.6,182.6,30.2,25.2,32.8,33.3,33.9,-5,7.6,0.5,0.6,,0.9,34.8,5,4,5,5,5,5,,,
GREWMI,50,4.8,190,15.5,15.5,15.7,16.2,16.5,0,0.2,0.5,0.3,16.8,0.3,16.8,3,3,3,3,3,3,,,
SCA1SP,50,3,186.8,13,13,13.1,13.2,13.7,0,0.1,0.1,0.5,,0.2,13.9,3,3,3,3,3,3,,,
GARCBA,50,2.7,186.2,20.5,31.2,32.9,34.9,36.6,10.7,1.7,2,1.7,,4,40.6,4,5,5,5,5,6,,,
CALODI,50,5.4,191.2,21.4,22.4,22.5,22.8,23.3,1,0.1,0.3,0.5,,0.5,23.8,4,4,4,4,4,4,,,
CROTLA,50,5.8,192.4,18.8,19.8,20.5,21,22.6,1,0.7,0.5,1.6,,1,23.6,3,3,4,4,4,4,,,
VATIBE,50,4.8,190.8,0,10.3,10.7,11.1,12.4,10.3,0.4,0.4,1.3,,0.7,13.1,0,3,3,3,3,3,,,
GREWBL,50,1.7,191.1,0,10.9,11.7,12.2,13.4,10.9,0.8,0.5,1.2,,0.8,14.2,0,3,3,3,3,3,,,
XYLOFS,50,10.2,197.9,29,29.9,29.3,29.6,29.3,0.9,-0.6,0.3,-0.3,,0.1,29.4,4,4,4,4,4,4,,,
NEPHMA,50,17.1,187.4,21.3,21.5,21.9,22.2,22.5,0.2,0.4,0.3,0.3,,0.3,22.8,4,4,4,4,4,4,,,
ANI1LA,50,17.8,182.6,24.8,25.5,26.4,26.4,27,0.7,0.9,0,0.6,,0.6,27.6,4,4,4,4,4,4,,,
OCHAAM,50,19.5,184.7,18.9,19.6,20.1,20.6,21.7,0.7,0.5,0.5,1.1,21.2,0.7,22.4,3,3,4,4,4,4,,,
MESURA,50,18.6,198,0,0,11.2,11.7,12.1,0,11.2,0.5,0.4,,0.5,12.6,0,0,3,3,3,3,,,
MESURA,50,19.2,191.3,25.8,26.6,27,27.6,28,0.8,0.4,0.6,0.4,28.2,0.6,28.6,4,4,4,4,4,4,,,
OCHAAM,50,16.6,198.1,31.2,32.2,32.5,32.7,33.1,1,0.3,0.2,0.4,,0.5,33.6,5,5,5,5,5,5,,,
KNEMSC,50,19.9,197.1,21.8,22.8,23,23.6,24.4,1,0.2,0.6,0.8,,0.6,25,4,4,4,4,4,4,,,
