TAG,SPECIES,QUAD,XCO,YCO,FEATURE1,FEATURE2,FEATURE3,DBH2017,DBH2019,DBH2021,DBH2023
2323,2,1,9.7,10.9,0.4,-0.2,0.1,20.2,20,20.1,20.19743196
2324,3,1,10.7,11.6,0,0.3,0,99,99.3,99.3,99.39989493
2324A,4,1,10.5,11.8,0.4,0.6,0.8,11.4,12,12.8,13.4036342
2325,5,1,3.9,10.8,2,1.1,1.4,24.9,26,27.4,28.89475885
2325B,7,1,1.6,13.7,0.5,0.5,0.9,24.3,24.8,25.7,26.33703758
2330B,12,1,19.5,12.2,0.6,0.4,0.1,14.2,14.6,14.7,15.06210641
2330C,13,1,19.1,12,0.6,0.5,-1,13.3,13.8,12.8,12.81855137
2330D,14,1,18.2,12.8,1.2,0.7,-0.3,12.9,13.6,13.3,13.81961753
2331,15,1,19,11.2,0.2,-0.1,-1.1,16.6,16.5,15.4,15.05473294
2331A,16,1,19.1,10.6,0.3,0,-0.7,13.1,13.1,12.4,12.25751113
2331B,17,1,18.6,19,12.8,0.1,0.2,12.8,12.9,13.1,17.35443103
2332,18,1,19.7,10.6,0.5,1.6,-0.3,28.7,30.3,30,30.59220624
2332A,8,1,20,10.5,0,-0.2,0.2,12.6,12.4,12.6,12.60192217
2335,19,1,14.3,6.4,0.7,0.5,-1.2,39.8,40.3,39.1,39.08247488
2335A,20,1,14.5,7.5,0.1,0.1,0.1,13.2,13.3,13.4,13.5
2335B,21,1,16,8,0.3,0.9,-0.8,13.5,14.4,13.6,13.72293651
2335C,22,1,15.6,6.4,0.2,0.3,0,11.1,11.4,11.4,11.56477952
2336,23,1,15.6,1.1,0,0,0.3,13.3,13.3,13.6,13.70277818
2337,18,1,15.7,0.7,1,1.3,1.6,32.8,34.1,35.7,37.0054513
2337A,24,1,16.2,0.5,0.2,0.1,0.3,11.2,11.3,11.6,11.80096109
2338,25,1,14.6,0,0,-0.2,0.3,25.9,25.7,26,26.03618157
2339A,26,1,8.5,1.2,0.1,0.2,0.7,18.5,18.7,19.4,19.73885468
2339B,27,1,8.8,1.4,1.9,-1.9,0.3,16.5,14.6,14.9,14.98651395
2342,14,2,32.3,2.8,0.2,0.9,0,61.7,62.6,62.6,62.96456937
2343A,30,2,31,1.2,1.5,0.2,0.1,12.7,12.9,13,13.58749046
2343B,31,2,28.5,1,0.6,0.1,0.2,11.8,11.9,12.1,12.39647088
2345,2,2,33.5,0.4,-0.3,-0.1,0.2,12,11.9,12.1,12.03789359
2346,32,2,33.7,2,0,0,0.5,16.1,16.1,16.6,16.77129697
2348,2,2,29.7,8.9,0.2,0.3,0.4,13.9,14.2,14.6,14.9018171
2349,2,2,22.5,6.6,0.1,0,0.1,17.1,17.1,17.2,17.26670169
2349B,21,2,24.1,7.1,-0.2,0.3,0.2,12,12.3,12.5,12.60352912
2349C,33,2,23.5,7,1,-0.1,0.3,11.8,11.7,12,12.39390284
2350A,34,2,21.4,6.2,11,1.1,0.6,11,12.1,12.7,16.84049036
2354,35,2,32.1,17.4,0.2,-0.1,0.1,11.5,11.4,11.5,11.56584568
2355,36,2,34,19.5,0.3,0.4,-0.2,13.5,13.9,13.7,13.86200133
2361,38,2,37.4,8.1,0,1.8,0,47.1,48.9,48.9,49.49936956
2361A,39,2,38.2,9.6,14.6,0.4,0.7,14.6,15,15.7,20.80958426
2362,2,2,36,7.3,0,0.2,0.2,18.6,18.8,19,19.13511541
2362A,40,2,37.1,10.2,0,0.2,0.1,14.5,14.7,14.8,14.90085601
2362B,41,2,35.3,9.8,0.1,-0.2,0.2,11,10.8,11,11.03436447
2367,32,3,45,2.7,-0.1,-0.1,0.2,23.3,23.2,23.4,23.40277818
2367C,42,3,42.5,4.2,0.9,-0.6,0.2,14.2,13.6,13.8,13.9607096
2367D,43,3,41.4,7,10.5,0.5,0.2,10.5,11,11.2,14.84145145
2367F,44,3,46.2,7.2,10.7,0.9,1.9,10.7,11.6,13.5,17.92193899
2369,28,3,43.2,12.9,1.1,0.2,0.1,17,17.2,17.3,17.75772127
2369B,45,3,44.7,11.4,0.4,0.8,1.3,25.1,25.9,27.2,28.04152779
2370,46,3,40.4,13.4,0.2,0,0.1,13.5,13.5,13.6,13.69914399
2375,32,3,48,15,0,0.8,-0.7,11.6,12.4,11.7,11.72657071
2375A,47,3,49.5,15.8,0.3,0,0,11,11,11,11.09732689
2375B,48,3,47.3,15.8,10.2,1.3,-0.1,10.2,11.5,11.4,15.10773284
2376,9,3,48.9,13.7,0.2,0.7,0.8,38.1,38.8,39.6,40.17204791
2376A,49,3,52.3,11.4,0.5,0.1,0.3,25.7,25.8,26.1,26.39828797
2377,50,3,48.7,11.8,0.4,0.1,0.4,18.3,18.4,18.8,19.10010507
2377A,51,3,49,12,0.8,0.5,0.7,18,18.5,19.2,19.86584568
2377B,7,3,48,12,0.1,0.9,-0.7,12,12.9,12.2,12.29231131
2378,52,3,55.6,16.1,0,0.5,0,111.9,112.4,112.4,112.5664915
2378A,53,3,56.2,17,0.8,0.2,0.2,15.8,16,16.2,16.59465378
2378B,54,3,56.6,16.5,0.6,0.1,0.4,13.1,13.2,13.6,13.96498967
2379,32,3,58,12.2,0,0.8,-1,14.1,14.9,13.9,13.82379252
2379A,16,3,58.8,11.4,0.4,0.4,0.2,21.8,22.2,22.4,22.73148121
2382,56,3,55.2,2.2,0,0,0.3,15.5,15.5,15.8,15.90277818
2382A,8,3,55,0.6,10.8,0.9,0.5,10.8,11.7,12.2,16.17474975
2383,18,4,63.4,0.4,0.4,1.3,0,69.2,70.5,70.5,71.0626472
2384,38,4,61,3.5,0,-0.3,1.1,12.8,12.5,13.6,13.87695842
2384A,57,4,69.5,1.8,0.5,-0.1,0.7,11,10.9,11.6,11.96872894
2385,58,4,61.8,3.3,0,0.1,0.3,19.4,19.5,19.8,19.93607649
2388,32,4,65.5,4.9,0,0.2,0,14.7,14.9,14.9,14.96659662
2389A,17,4,70.5,6,1.3,1.4,1.8,15.4,16.8,18.6,20.10459528
2389B,7,4,71.6,6.5,0.2,0,0.4,16.8,16.8,17.2,17.40192217
2389C,14,4,73.8,6.1,1.3,1.3,2.4,12.5,13.8,16.2,17.87685334
2389D,60,4,74.2,3.5,1.7,1.7,0.7,42.6,44.3,45,46.35740605
2391,6,4,69.4,7.2,0,-0.1,0.1,11.7,11.6,11.7,11.70096109
2391A,61,4,71,7.6,0.7,1,-0.8,20.6,21.6,20.8,21.086004
2391B,62,4,71.5,7,0.2,0.6,1.9,11.7,12.3,14.2,15.11560295
2395A,5,4,68.7,18.9,1,1.6,-25.5,38.4,40,14.5,6.621050231
2395B,64,4,69.1,17.1,2.3,2.8,3.7,30.6,33.4,37.1,40.04612307
2395C,65,4,67.8,16.1,2.7,0.6,1.3,13.4,14,15.3,16.82110399
2395D,8,4,67.9,16.5,0.2,-0.1,0,11.1,11,11,11.03158628
2395E,66,4,66.5,15.2,1.5,0.3,0.6,16.8,17.1,17.7,18.49208574
2398,67,4,61.1,17.2,0.5,0.3,0.2,17,17.3,17.5,17.8306252
2398A,43,4,62,15.7,10.9,0.1,0,10.9,11,11,14.56950861
2401,68,4,78.8,14.1,0.1,-0.1,0,14.9,14.8,14.8,14.79914399
2407,62,4,79.3,7,0.7,-0.1,0,21.1,21,21,21.19379777
2408,32,4,77.9,4.6,0.2,0.6,2.3,21.2,21.8,24.1,25.15264053
2410,69,4,79,1.4,-5.7,0,6.3,12.6,12.6,18.9,19.20913098
2410A,70,4,79.2,1,0.2,-0.1,0.6,12.7,12.6,13.2,13.43714265
2410B,33,4,76,0.4,11.5,0.3,1.7,11.5,11.8,13.5,17.91316871
2416,71,5,81,5.4,0.8,-0.9,0.3,19.1,18.2,18.5,18.56263177
2423,50,5,95.6,17.4,0,0.2,-4.8,19.5,19.7,14.9,13.32214567
2423A,8,5,95,18.2,0.1,0.6,4.3,14.3,14.9,19.2,20.90538613
2423B,70,5,95.4,17.2,-0.3,0.1,0.2,10.7,10.8,11,11.00449021
2423C,50,5,92,0.4,10.6,-0.3,0.2,10.6,10.3,10.5,13.90750727
2426,73,5,98.1,16.3,0.3,0,0.1,14.9,14.9,15,15.13158628
2426A,74,5,98,17.1,0.2,0.1,0.3,14.1,14.2,14.5,14.70096109
2427,17,5,99.1,19.4,1.3,1.3,0,45.7,47,47,47.85462787
2427A,75,5,90,19,0,1.1,-0.6,12.5,13.6,13,13.16072503
2430,17,5,97.4,2.1,1.4,1.3,1.5,42.3,43.6,45.1,46.50096109
2430A,76,5,96.1,2.3,0,-0.1,-0.1,11.4,11.3,11.2,11.1324423
2430B,77,5,99.2,3.5,12.3,0.4,0.1,12.3,12.7,12.8,16.95785508
2431,78,5,93.7,4.3,0.2,-0.3,0.4,32.4,32.1,32.5,32.60202725
2432,79,5,93.2,2.3,0.3,0.9,-0.8,18.6,19.5,18.7,18.82293651
2432B,81,5,92.5,1.2,0,0,0.8,10.1,10.1,10.9,11.17407516
2432C,82,5,91.2,0.5,0.3,-0.1,0.4,12.8,12.7,13.1,13.30106616
2441A,83,6,80.8,28.2,0,0,0.3,14.5,14.5,14.8,14.90277818
2441B,84,6,81.8,30.5,0.3,1.2,1.1,11.2,12.4,13.5,14.37375994
2441C,22,6,81.6,28,11.8,0.7,0.7,11.8,12.5,13.2,17.50109489
2443A,85,6,81.2,22.2,11,-0.2,0.4,11,10.8,11.2,14.83909355
2445A,84,6,89.3,31,1.1,1.3,1.6,15.5,16.8,18.4,19.73789359
2446A,86,6,89.8,34.2,11.8,0.1,0.2,11.8,11.9,12.1,16.03000806
2453,87,6,85.1,39.4,0.2,0.9,0,25.6,26.5,26.5,26.86456937
2453A,88,6,86,39,0.7,0.5,0,14.7,15.2,15.2,15.59358762
2453B,18,6,86,39.2,13.1,0,3.2,13.1,13.1,16.3,21.64624145
2454,43,6,89.3,37.7,0.1,0,0.7,16.4,16.4,17.1,17.37225806
2454B,55,6,93,36.6,1.8,1.1,-0.3,16.3,17.4,17.1,17.94746455
2456,55,6,81.7,39,11.8,1,0.7,53.1,54.1,54.8,59.20098982
2456A,90,6,81.2,39.7,10.6,0.2,0.7,10.6,10.8,11.5,15.24529579
2465,41,6,93.6,29.9,0.3,0.5,-0.4,18,18.5,18.1,18.22678085
2465A,12,6,94,28.5,0.2,0.3,-0.2,15.4,15.7,15.5,15.59626073
2465B,8,6,94.8,26,0.2,0,0,12.4,12.4,12.4,12.46488459
2467,41,6,98.9,23.6,1.5,1.9,0.9,38.5,40.4,41.3,42.72763687
2467A,91,6,99,22.1,0.4,-0.1,0.1,12.7,12.6,12.7,12.83073027
2467B,18,6,99.5,26.4,1.1,1.1,1.1,13.6,14.7,15.8,16.9
2469,41,6,98.2,20.3,2.1,1.1,2,27.6,28.7,30.7,32.43275752
2469A,92,6,99.6,20.4,-1.1,0,0.4,11.4,11.4,11.8,11.58017232
2474,93,7,62.9,22.2,0.7,-8.1,8.3,26.2,18.1,26.4,26.77346282
2478,94,7,62.6,27,12.3,1.1,1.1,34.1,35.2,36.3,41.03353719
2478A,95,7,62.2,25.4,7.8,0.6,0.5,21.3,21.9,22.4,25.30158594
2478B,33,7,64.6,26,13.6,1,1.8,13.6,14.6,16.4,21.76180449
2496,97,7,74.6,26.7,1.5,0.6,1,30.5,31.1,32.1,33.12901825
2496A,44,7,71.8,27.4,1.4,1.6,0.9,18.9,20.5,21.4,22.69529964
2496B,98,7,72,28.6,1.5,1.7,1.2,12.4,14.1,15.3,16.76381843
2496C,5,7,72,27,10.5,2.2,0.1,10.5,12.7,12.8,16.9732633
2498A,99,7,78,21,0.8,0.3,0.2,19.3,19.6,19.8,20.22795209
2498B,41,7,79.5,20.4,2.4,2.2,3.6,17.9,20.1,23.7,26.44451612
2498C,5,7,76.5,20.8,2.5,2.2,3.1,17.3,19.5,22.6,25.20566144
2500,33,8,47.1,23.6,0.2,0.4,0,42.5,42.9,42.9,43.09807783
2500B,41,8,48.5,22,-0.6,0,0.2,11.7,11.7,11.9,11.77386501
2501,71,8,44.6,26.3,0,2,0.1,26.1,28.1,28.2,28.90022557
2502A,58,8,48.2,30.2,0.9,0.2,0.3,12,12.2,12.5,12.96135547
2504,4,8,40.9,36.9,-0.5,0.3,0.1,22.3,22.6,22.7,22.67194284
2504C,39,8,40.8,34.8,0.3,0.1,0.4,25.2,25.3,25.7,25.96766278
2504D,37,8,40.5,30.8,1.7,2.2,2,25,27.2,29.2,31.16926973
2505A,9,8,41.6,39,0.9,0.7,0.8,15.5,16.2,17,17.79914399
2506A,94,8,46,38.2,0.3,0,0.1,12.5,12.5,12.6,12.73158628
2506B,22,8,47.2,38.5,0.3,0.3,0.9,13.2,13.5,14.4,14.90555637
2507A,5,8,48.8,38.5,2.6,2.9,2.8,23.9,26.8,29.6,32.36841372
2507B,101,8,51,38,0,0,0.3,13.1,13.1,13.4,13.50277818
2515,3,8,56.7,36.4,0.2,1.5,0,63.7,65.2,65.2,65.76435923
2515A,5,8,54.5,22.5,0.3,4.8,-1.7,12.4,17.2,15.5,16.613236
2515B,5,8,55.7,22.5,2.8,-4.1,9.5,18.9,14.8,24.3,27.09779614
2515C,5,8,55.4,36.6,11.5,1.7,1.9,11.5,13.2,15.1,20.04786383
2516A,33,8,56.2,28.4,11.9,1.8,1.9,11.9,13.7,15.6,20.71093132
2516B,103,8,56.5,30,11.9,0,-0.1,11.9,11.9,11.8,15.62637387
2522,5,9,26,24.7,2.2,2.2,0,47.5,49.7,49.7,51.14629331
2523,42,9,25.5,27.9,1,0.2,2.1,23.6,23.8,25.9,27.01046687
2524A,106,9,23.2,26.6,11.7,0.7,0,11.7,12.4,12.4,16.42883683
2525,53,9,21.5,32.9,-0.2,0.2,0.2,17.5,17.7,17.9,17.97023081
2525A,22,9,21.8,31,11.1,0.7,0.8,11.1,11.8,12.6,16.70825821
2528A,107,9,28.2,39.2,-0.6,0.1,0.6,14.3,14.4,15,15.0442009
2531,28,9,35.8,38.7,0.3,0.5,0.2,34,34.5,34.7,35.03233722
2532D,41,9,36,30.5,0,0,1.2,12.8,12.8,14,14.41111274
2541,111,10,1.8,35.1,0.6,0,1.2,33,33,34.2,34.80576652
2541A,112,10,1,32.4,0,0.1,0.3,12.9,13,13.3,13.43607649
2541B,113,10,0.5,35,0.3,0.2,0.3,12.3,12.5,12.8,13.06670169
2546,41,10,9.8,37.3,0.2,0.1,0.3,16.4,16.5,16.8,17.00096109
2547,74,10,10.3,39.6,-61.8,62.7,0,6.9,69.6,69.6,70.42870057
2547A,114,10,8.5,39.1,0,0.3,0.5,13.3,13.6,14.1,14.3711919
2548A,95,10,8.3,35,0.2,0,0.1,15.6,15.6,15.7,15.79914399
2549,2,10,12.7,33.1,1,0.3,0.1,18.1,18.4,18.5,18.95857728
2552,115,10,19.5,33.6,0.3,0.2,1.2,38.7,38.9,40.1,40.67503624
2555,116,10,13.1,28.8,-0.4,0.8,1,28.4,29.2,30.2,30.67921123
2556,25,10,12.3,28.8,-0.6,1.2,0.3,14.2,15.4,15.7,16.00770411
2557,82,10,12.4,27.9,0.7,0.6,2.05,24.6,25.2,27.25,28.37920352
2559,38,10,14.1,26,1.4,1.2,0,50.9,52.1,52.1,52.95377186
2559A,117,10,15,27.4,0.5,0.5,1,11,11.5,12.5,13.17129697
2563,64,10,14.6,21.5,1.5,0.8,0.1,45,45.8,45.9,46.68728031
2563A,37,10,18.1,21.2,12,0,0.7,12,12,12.7,16.83289132
2564,89,10,14,21.4,1.1,0.1,0.6,22.5,22.6,23.2,23.79571994
2566,8,11,7.1,40.3,0.7,0,0.1,15.9,15.9,16,16.26135547
2569,119,11,10.5,46,-0.3,0.4,0.4,35.8,36.2,36.6,36.77290393
2569A,120,11,10.8,47.3,0.2,0,0.1,12,12,12.1,12.19914399
2569C,111,11,13.4,47.8,11.5,0.4,0.2,11.5,11.9,12.1,16.0325761
2570,2,11,9.1,47.1,3.2,0.3,0.4,22.4,22.7,23.1,24.37508599
2570C,124,11,2.5,46.2,0.3,0.6,0.8,12.5,13.1,13.9,14.4711919
2572,118,11,0.4,45,0.4,0.3,0.4,13.7,14,14.4,14.76670169
2572A,116,11,3,43.8,0.7,-4,3.8,16,12,15.8,15.99702072
2572D,9,11,3.7,40.4,1.3,1.2,1.2,22.5,23.7,24.9,26.1324423
2572E,125,11,3.8,44.4,10.2,0.8,0.4,10.2,11,11.4,15.11253827
2574,126,11,5.1,57.3,0.4,0.1,0,17.4,17.5,17.5,17.66306749
2575,127,11,3.3,55.3,0.3,0.4,0.2,20.8,21.2,21.4,21.69903891
2575A,33,11,1.2,56.2,1.9,1.4,0.3,29.1,30.5,30.8,31.98535814
2575B,54,11,6.5,56.2,0.6,0.6,0.1,12.9,13.5,13.6,14.02870303
2575C,128,11,5.4,53.4,0.1,0.1,0.2,11.9,12,12.2,12.33425939
2578,129,11,12.2,57.8,-0.1,0.1,0.3,23.7,23.8,24.1,24.2036342
2587,131,11,19,55.3,0.3,0.7,0.1,13.5,14.2,14.3,14.66467445
2589A,132,11,15.5,51,-1.8,-0.1,2.8,12.8,12.7,15.5,15.84200341
2590,133,11,16.5,48.7,0.3,0.4,0.2,66.8,67.2,67.4,67.69903891
2590A,134,11,16.3,49,0.1,0.1,0.2,10.6,10.7,10.9,11.03425939
2591,135,11,19.5,46.4,0,0.1,0.1,17.4,17.5,17.6,17.6675577
2592,136,11,20,45.1,-0.3,-0.2,0.1,13,12.8,12.9,12.77033589
2593A,39,11,14.4,41.3,0.6,0.3,1,24.1,24.4,25.4,26.03714265
2594,78,12,23.6,42,0.3,0.3,1.2,17.1,17.4,18.6,19.20833455
2595,137,12,24.8,42.3,-0.2,0.1,0,15.1,15.2,15.2,15.16841372
2596,94,12,27.4,42.4,-0.2,0.3,0,18.5,18.8,18.8,18.83501033
2598,139,12,28.2,46.2,0.7,0.4,0.1,21.3,21.7,21.8,22.1945487
2601,140,12,23.4,46.2,0.4,0.2,0.8,21.5,21.7,22.5,22.97044096
2603,140,12,25.3,51.9,1.1,1,1.9,32.2,33.2,35.1,36.44077685
2604A,141,12,25.8,55.2,1.8,1.5,1.9,17.8,19.3,21.2,22.93436447
2604B,142,12,23.5,57,0.7,0.3,0.6,16.9,17.2,17.8,18.33254737
2610A,96,12,37.6,58.7,11.5,-0.1,0.2,11.5,11.4,11.6,15.36608456
2612,143,12,34.3,49.2,0.3,0.2,0.3,22.7,22.9,23.2,23.46670169
2612A,2,12,36.2,57,0,-0.1,0.2,10.4,10.3,10.5,10.53522048
2613,57,12,35.2,48.2,0,-1.6,0.5,13,11.4,11.9,11.53852403
2614,144,12,35.2,47,1,-0.4,1.3,28.8,28.4,29.7,30.33660186
2614A,8,12,35.5,46.4,11,0.1,0.4,11,11.1,11.5,15.23898848
2614B,22,12,36.6,47.2,11,-0.4,0.3,11,10.6,10.9,14.43823754
2615,145,12,34.7,45.9,-0.3,0.5,0.7,14.7,15.2,15.9,16.20898042
2616,78,12,32,46.7,0.1,0,0.2,13,13,13.2,13.30096109
2617,15,12,31.6,49.8,0.3,0.5,0.6,23.7,24.2,24.8,25.2693748
2618,146,12,30.9,43.5,-0.2,0.5,1,22.3,22.8,23.8,24.2442009
2618A,147,12,30.8,40.4,0.1,0,0.4,10.9,10.9,11.3,11.46947988
2632,68,13,46.4,54.9,0,0,14.9,14.6,14.6,29.5,34.60464983
2632A,69,13,44.5,54.2,1.3,1.1,1.5,16.4,17.5,19,20.30192217
2632B,22,13,42.4,53.2,0.2,0.1,0.3,21,21.1,21.4,21.60096109
2632C,148,13,42,51.5,1.4,3.2,1.7,24.9,28.1,29.8,31.90214774
2634,30,13,42,59.4,0.1,-0.2,0.4,19.9,19.7,20.1,20.20288326
2634A,149,13,40.2,59,0,-0.1,0.4,11.5,11.4,11.8,11.90373927
2635,23,13,45.4,59.7,0,0.4,-0.4,12.3,12.7,12.3,12.29615566
2635A,64,13,44.8,58.3,0,2.1,0.9,41.8,43.9,44.8,45.80759904
2636A,5,13,54.1,56.3,3,3.3,6.3,18,21.3,27.6,31.83045496
2636B,2,13,53.8,58.4,1.1,0.7,1,16.6,17.3,18.3,19.23254737
2637,38,13,58,40.3,0.1,0.2,0,52.6,52.8,52.8,52.89903891
2643B,152,14,62.6,50.2,2.6,2,1.4,21.1,23.1,24.5,26.48909741
2643C,37,14,63,53.1,0.6,0.1,0.3,14.1,14.2,14.5,14.83073027
2645A,153,14,67.7,51.1,0,-0.1,0.4,12.5,12.4,12.8,12.90373927
2648A,143,14,72.7,48.2,-16.3,15.9,0.2,1.5,17.4,17.6,17.67485561
2648B,150,14,69.2,48,0.3,0.9,3.8,13.2,14.1,17.9,19.59886867
2648C,154,14,66.5,47.5,1.6,1,1.4,31.1,32.1,33.5,34.83169136
2648D,155,14,67.2,50,0.4,-0.2,0.4,13.2,13,13.4,13.60021015
2648E,156,14,66,59.5,-2.6,2.8,0.4,8.6,11.4,11.8,12.02589052
2649,157,14,73.4,52.3,0.3,1,0.1,63.2,64.2,64.3,64.76456937
2649A,53,14,72.6,50.5,0.7,-0.3,0.4,16.7,16.4,16.8,17.06423873
2649B,39,14,72.5,52,0.5,0.2,0.4,13.7,13.9,14.3,14.66584568
2649C,94,14,71.4,52.2,0.4,1.3,0.2,15.2,16.5,16.7,17.33116599
2650,158,14,75.5,48.4,1.8,1.2,0,67.2,68.4,68.4,69.38354104
2652,43,14,77.6,55.3,0.1,0.3,0.5,16.9,17.2,17.7,18.0036342
2653,159,14,78.8,57.8,0.1,0.2,0.7,21.2,21.4,22.1,22.43885468
2657,28,14,76.7,44.2,0,0,-0.1,15.2,15.2,15.1,15.06574061
2657A,16,14,75.8,44.5,0.4,0.3,0.4,14.7,15,15.4,15.76670169
2657B,160,14,72.5,45,0.3,0.3,0.4,12.5,12.8,13.2,13.53425939
2657C,161,14,75.2,40.5,1.8,-0.6,3.2,19.6,19,22.2,23.68047211
2657D,162,14,72.6,40.5,1.1,0.6,0.8,25.9,26.5,27.3,28.13073027
2662,72,15,85.8,45,0.2,0,0.1,15.3,15.3,15.4,15.49914399
2662A,163,15,85,45.7,-0.8,1.1,0.4,13.8,14.9,15.3,15.54378061
2662B,164,15,81.2,45.6,11.7,0.4,0.2,11.7,12.1,12.3,16.29746069
2666,117,15,88.1,51.2,0.3,-0.5,0.5,40.8,40.3,40.8,40.90213232
2666A,12,15,86.6,49,0.6,0.2,0.1,15.7,15.9,16,16.29550979
2666B,165,15,90.8,49.2,0.2,-0.3,0.4,13.7,13.4,13.8,13.90202725
2666C,82,15,91.5,51.1,0.4,0.1,0.2,12,12.1,12.3,12.53158628
2667A,80,15,97,52,2.1,1.3,0.2,17.8,19.1,19.3,20.48268503
2669,28,15,85.8,59.6,3.3,1.2,0,63.5,64.7,64.7,66.17017548
2669A,91,15,84.4,59.2,-5.1,0,-0.2,11.6,11.6,11.4,9.676924099
2670,19,15,87.1,58.7,0.6,0,5.5,40.6,40.6,46.1,48.17892049
2671,166,15,89.9,59.5,4.1,-7.7,0.2,60,52.3,52.5,51.33468315
2674A,167,15,97.2,51.2,10.8,0,0.9,10.8,10.8,11.7,15.51210255
2676,168,15,96.3,59.5,1.5,1.4,0.2,44.1,45.5,45.7,46.72132956
2676A,111,15,94.8,57,0.2,-0.2,0.5,11,10.8,11.3,11.46958495
2677B,166,15,99.4,41.8,-0.1,0,1.3,14,14,15.3,15.71292984
2677C,169,15,97.8,44,2.2,1.7,1.7,29,30.7,32.4,34.26221148
2677D,33,15,97.2,44.2,-1.2,2.2,2.8,13.3,15.5,18.3,19.60251829
2677E,170,15,97,44.6,-5.1,0,0.3,11.7,11.7,12,10.44822107
2677F,58,15,95.2,45.8,0.7,0,0.5,13.5,13.5,14,14.39839305
2679,94,15,93,44.4,-0.2,0.3,0.4,15.9,16.2,16.6,16.77204791
2682,18,16,85.1,61.6,0.5,0.6,1.4,42,42.6,44,44.84163286
2682A,171,16,81,62,-0.2,1.3,-1.1,14.6,15.9,14.8,14.79114008
2682D,172,16,80.5,60.5,0.2,0.1,0.17,16.2,16.3,16.47,16.62642387
2683,68,16,90.4,70.2,0,-0.1,-1.9,14.5,14.4,12.5,11.81577319
2683A,80,16,95.6,60.2,-0.6,1.1,0,13.3,14.4,14.4,14.57162762
2683B,41,16,93.3,60.2,0.2,0.2,0.4,12.8,13,13.4,13.66851879
2685,68,16,84.8,69.7,-0.1,0.1,0.1,11.8,11.9,12,12.03511541
2686,163,16,80.9,71.3,0.3,0.3,0.7,36.7,37,37.7,38.13703758
2687,18,16,80.1,71.9,0.6,0.6,0,79.6,80.2,80.2,80.59444363
2688,173,16,81.3,73.5,0.3,0,0.3,25.5,25.5,25.8,26.00010507
2690,50,16,85.1,71.7,15.1,-0.1,0.4,15.1,15,15.4,20.40252601
2691,174,16,87.8,78.9,0.7,0.6,-2.7,32.5,33.1,30.4,29.90188227
2693,175,16,87.7,76.7,0,0.2,0.2,14,14.2,14.4,14.53511541
2695,42,16,89.9,75.6,0.2,0.9,0,59.2,60.1,60.1,60.46456937
2696,108,16,91.8,68.4,0,0,0,28.3,28.3,28.3,28.3
2696A,176,16,90.5,72,0.1,0.3,0.6,12.3,12.6,13.2,13.53789359
2698A,60,16,95.8,74.6,1.7,1.5,1.3,38.3,39.8,41.1,42.5963658
2698B,12,16,94.6,76.5,0.3,0.6,0.4,14.7,15.3,15.7,16.13415432
2699,69,16,93.6,68.3,1.2,-0.5,1.7,23,22.5,24.2,25.00522572
2699A,64,16,93.3,70.3,1.2,1.8,1.3,23.1,24.9,26.2,27.63404925
2700,178,16,98.5,65.2,0.1,0.4,0.4,14.1,14.5,14.9,15.20267311
2705,104,17,60.3,60.3,0.2,0,0.4,26.4,26.4,26.8,27.00192217
2706,180,17,69.5,60.7,0,-0.5,-9.3,33.6,33.1,23.8,20.44738474
2707,181,17,69,65.5,0.2,0,0.2,28.6,28.6,28.8,28.93340338
2709,175,17,64.3,65.2,-2.9,-0.1,0.1,11.8,11.7,11.8,10.86013449
2710,64,17,62.5,63.2,3.3,0.9,2.4,57.3,58.2,60.6,62.79250603
2712,80,17,63.3,68.9,0.1,0.3,0.4,19.5,19.8,20.2,20.4693748
2713,182,17,64.1,69.1,0,0,0.1,18,18,18.1,18.13425939
2714,183,17,62.9,72,0.3,0.1,0.5,44.9,45,45.5,45.80192217
2715,184,17,67.5,71.9,0,0.2,0.4,13.6,13.8,14.2,14.4036342
2717A,185,17,62.4,74.6,10.5,0.3,0.4,10.5,10.8,11.2,14.84337362
2718,14,17,62.8,77,0.4,0.7,1.2,24.2,24.9,26.1,26.87397009
2719,184,17,62.2,78.4,0.2,0.4,-0.1,12.1,12.5,12.4,12.56381843
2719A,186,17,63.8,78.1,0.1,0,-0.1,20.7,20.7,20.6,20.5981829
2720A,96,17,70.6,70.2,0.6,0.1,0.5,11.9,12,12.5,12.89924906
2724,187,17,75.8,77.3,9.7,0,2,41.2,41.2,43.2,47.03209064
2724A,186,17,78.7,77.1,4.4,-0.2,0.1,16.8,16.6,16.7,18.09512381
2725,188,17,76.2,71.4,0.7,0.7,1.2,44.5,45.2,46.4,47.27129697
2728,125,17,71.8,68.2,0.2,0,0,14.9,14.9,14.9,14.96488459
2728A,99,17,72.5,67,0.1,-0.1,0.2,11.8,11.7,11.9,11.96766278
2729,14,17,74.3,66.9,0.6,1,0.4,26.8,27.8,28.2,28.86467445
2731,189,17,71.3,62.3,0.1,0.2,0.3,16.8,17,17.3,17.5018171
2733,118,17,72.7,60.2,0.6,0.5,1,14.6,15.1,16.1,16.80373927
2734,72,18,49.3,62.9,0.5,0.3,0.3,18.7,19,19.3,19.66488459
2736,83,18,45.9,63.6,0,0,0.2,24,24,24.2,24.26851879
2736A,8,18,45,62.3,0.1,0,0.1,11.1,11.1,11.2,11.26670169
2737,147,18,45.8,64.9,0.2,0.9,0,56,56.9,56.9,57.26456937
2737A,94,18,46.2,66.2,0.3,0.9,0.4,14.1,15,15.4,15.93404925
2738A,95,18,48,64,0.1,0,0.2,11.6,11.6,11.8,11.90096109
2741,181,18,43.1,75.9,0,0,0.1,17.2,17.2,17.3,17.33425939
2741A,190,18,41.5,78.2,1.4,3.1,0,58.7,61.8,61.8,63.28643972
2742,82,18,54,72.2,0.1,0,0.1,15.2,15.2,15.3,15.36670169
2742A,191,18,51.8,73,0.2,0.1,0.5,10.4,10.5,11,11.26947988
2743,80,18,54,71.4,0.6,0.6,-7.9,34.2,34.8,26.9,24.58795144
2743A,1,18,48.4,71.7,0.1,-0.2,0.1,11.4,11.2,11.3,11.30010507
2745,94,18,57.3,73,0.1,0.5,0,93.3,93.8,93.8,93.99893384
2747,192,18,57.8,73.4,0.1,0.1,-0.3,20.5,20.6,20.3,20.26296242
2748A,193,18,48.3,77.5,1.4,1.1,1.7,44,45.1,46.8,48.20288326
2749,194,18,55.1,76.2,20,0.1,0,20,20.1,20.1,26.62175757
2749A,54,18,54,76,0,0,0.1,12.1,12.1,12.2,12.23425939
2749B,159,18,53.2,76.2,0.1,0.1,0.1,12,12.1,12.2,12.3
2751,159,18,58.5,68.4,0.1,-0.1,0.1,14.5,14.4,14.5,14.53340338
2752A,71,18,56.2,68.8,-1.8,-0.8,1.1,13.9,13.1,14.2,13.72650554
2754B,195,19,23.5,62.6,0,0,0.2,10.6,10.6,10.8,10.86851879
2763,20,19,25.6,78.7,0.9,-0.1,0.4,25.2,25.1,25.5,25.89571994
2763A,196,19,24.2,77.6,0.9,1.7,2.4,25.5,27.2,29.6,31.28027739
2763B,197,19,26.2,75.4,-3,0.1,0,11.1,11.2,11.2,10.26002942
2768A,79,19,33.1,74,0.7,-2,2,15.2,13.2,15.2,15.44631779
2771,14,19,35,79.6,0,-0.1,0.1,24.5,24.4,24.5,24.50096109
2771A,62,19,33.2,79.4,10.5,0.3,0.6,10.5,10.8,11.4,15.11189241
2773,46,19,39.3,74.4,0,0,0.2,15,15,15.2,15.26851879
2774A,198,19,34.1,69.5,0.6,0.9,1,25.9,26.8,27.8,28.63693251
2774B,16,19,35,69.4,3,0.5,0.7,19.3,19.8,20.5,21.8795762
2774C,64,19,36.2,72,0.9,1,1.5,26.9,27.9,29.4,30.53885468
2775,18,19,37.4,66.2,0,-0.2,0.1,12.8,12.6,12.7,12.66766278
2775A,20,19,36.4,67.2,0.1,0.3,0.4,12.1,12.4,12.8,13.0693748
2775B,14,19,38.8,67.4,0.1,0,0.6,10.9,10.9,11.5,11.73799867
2776,163,19,38.7,64.5,0.2,0.1,0.2,18.5,18.6,18.8,18.96670169
2777A,55,19,37,62.4,0.9,0.6,1.1,24,24.6,25.7,26.56862386
2777B,59,19,34.4,70.1,0.3,0.6,1.1,31.1,31.7,32.8,33.47397009
2777C,17,19,33.5,60.6,1.2,-1.2,0.2,11.7,10.5,10.7,10.75824664
2778,28,20,4.5,62.7,0,-0.1,0.1,12,11.9,12,12.00096109
2778A,85,20,1.2,64,1.8,1.8,2.1,14.9,16.7,18.8,20.70277818
2780,173,20,10,63,-0.1,0,0.1,17,17,17.1,17.1018171
2781,199,20,9.8,64,0.5,-0.2,0,15.6,15.4,15.4,15.49561486
2787,200,20,8.6,77.3,0,0.2,-0.3,32.6,32.8,32.5,32.46381843
2788B,85,20,6.1,69.2,2.5,2.5,0,13.5,16,16,17.64351513
2794,17,20,17.6,74.4,0.7,1.6,0.4,22.9,24.5,24.9,25.7969066
2795,202,20,17.4,73.7,0.1,0,0.2,12.5,12.5,12.7,12.80096109
2795A,183,20,13.1,72.9,1.5,1.7,2,32.8,34.5,36.5,38.23789359
2800,203,20,19.6,64.6,0.5,0.3,0.7,23.5,23.8,24.5,25.00192217
2800A,41,20,11.2,64.2,2.1,2.4,2.4,46.9,49.3,51.7,54.00267311
2800B,57,20,18.8,65.2,0.1,-0.2,0.2,10.8,10.6,10.8,10.83436447
2802,4,20,16.1,61.2,-0.2,0.2,0.5,31.8,32,32.5,32.673009
2803,15,20,13.6,60.9,0.3,0.3,0,18.7,19,19,19.19722182
2803A,173,20,13.2,61.5,0.8,0.6,0.5,13,13.6,14.1,14.7306252
2803B,204,20,14,62.4,-0.3,0.1,0.2,10.5,10.6,10.8,10.80449021
2805,9,21,8.1,80.6,0.5,-0.1,0.4,39.8,39.7,40.1,40.36595075
2805A,5,21,4.6,80.5,3.9,3.3,0.1,34.4,37.7,37.8,40.19835314
2805B,69,21,5.1,82,1.7,0.7,2.1,14.7,15.4,17.5,19.00405449
2805C,42,21,5,84.2,0.9,-6.2,-0.7,16.9,10.7,10,7.987669751
2805D,206,21,0.6,83.5,0,0.2,-0.1,11,11.2,11.1,11.13233722
2809,208,21,14.2,86.9,0,0.6,0,61.5,62.1,62.1,62.29978985
2812,2,21,3.4,93,0.2,0.1,0.4,18.9,19,19.4,19.63522048
2814A,39,21,11.3,95.9,0.6,0.4,0.4,24.9,25.3,25.7,26.16488459
2814B,209,21,13.2,91.4,0.8,0.7,1.2,16.2,16.9,18.1,19.00373927
2814C,210,21,14,90,0.1,0.2,0.5,10.9,11.1,11.6,11.87033589
2815,200,21,6.1,97.6,0,0.1,0,18.6,18.7,18.7,18.73329831
2816,211,21,7,99.4,0.4,0.2,0.1,22.1,22.3,22.4,22.6306252
2817,212,21,2.6,96.3,-0.8,0.7,0,71.9,72.6,72.6,72.57354979
2818,95,21,1.7,96.3,0.3,0,0.9,16.4,16.4,17.3,17.70566144
2819,41,21,11.9,98.2,0.7,0.5,0.2,18.8,19.3,19.5,19.96210641
2820,118,21,17.3,97,0.2,-0.1,0.4,15.3,15.2,15.6,15.76862386
2822,68,21,18.9,96.4,0,-0.2,0.1,12.5,12.3,12.4,12.36766278
2825,211,21,15.7,83.2,0.3,0.5,0,23.8,24.3,24.3,24.56381843
2827,80,21,19.2,89.7,0.5,1.4,0.7,31,32.4,33.1,33.96820357
2827B,83,21,19.2,80.4,0.1,0.1,0.2,10.3,10.4,10.6,10.73425939
2830,213,22,28.4,85.4,-29.5,29.9,0.4,3.7,33.6,34,34.52275453
2830A,89,22,26,83.1,0.2,-0.1,0.2,12,11.9,12.1,12.20010507
2831,28,22,28.7,86,0.3,0,0.4,14.8,14.8,15.2,15.43436447
2833,80,22,20.2,88.5,0.5,0.7,0.3,36.5,37.2,37.5,37.99807783
2834,198,22,22.5,90.4,0.9,0.8,1.1,32.7,33.5,34.6,35.53522048
2834A,162,22,27.4,90.2,0.6,0.8,0.9,13.6,14.4,15.3,16.0693748
2840,181,22,25,98.3,0.4,0.2,0.4,24,24.2,24.6,24.93340338
2843,214,22,31,95.2,0,1.2,0.3,102.3,103.5,103.8,104.3023579
2844,89,22,30.9,99.7,0.3,0.4,0.4,17.1,17.5,17.9,18.2675577
2845,215,22,33.5,98,0.4,0.4,0.1,29.5,29.9,30,30.29722182
2848,21,22,35.5,90,0.2,0,0,12.4,12.4,12.4,12.46488459
2850,216,22,36.9,98,0,0,0.1,13.4,13.4,13.5,13.53425939
2851,94,22,38.4,99.2,2.1,3.3,0.4,47.1,50.4,50.8,52.71717
2854,216,22,32.4,85.9,0,0.5,1.2,46.5,47,48.2,48.77760428
2856,207,22,33.5,83.6,0.9,0.7,0.8,24.9,25.6,26.4,27.19914399
2859,217,23,41.1,81.3,0.2,0.1,0.2,17.9,18,18.2,18.36670169
2859A,195,23,44.2,80.6,0.2,0,0,11,11,11,11.06488459
2860A,22,23,41.7,82.5,0.1,0.4,0.1,11.8,12.2,12.3,12.49989493
2860B,81,23,43.8,83.2,0.4,0,0.4,11.7,11.7,12.1,12.36680676
2861,214,23,43.8,86.9,0.3,-0.2,0.5,20.4,20.2,20.7,20.90202725
2862,5,23,46.5,88.4,1.3,0.7,1.1,50.7,51.4,52.5,53.53169136
2864,163,23,45.5,92.2,-0.1,-0.2,0.2,23.7,23.5,23.7,23.66947988
2866,25,23,40.1,93.7,0.1,-0.1,0,35.7,35.6,35.6,35.59914399
2867,25,23,42.3,95.4,0.1,-0.2,0.4,11.3,11.1,11.5,11.60288326
2867B,14,23,43.8,96.1,0.4,0.4,0.7,18.9,19.3,20,20.50277818
2868,2,23,45,99.4,-0.1,1.1,-1,20,21.1,20.1,20.09124515
2869,213,23,49,97.3,0.5,0.5,1,16.5,17,18,18.67129697
2870,189,23,49.3,95,0.1,0,1.2,13.2,13.2,14.4,14.84355503
2870A,218,23,51.4,95.4,-0.4,0.1,0.2,10.4,10.5,10.7,10.67204791
2871A,80,23,52.8,99.7,10.4,1.7,0.1,10.4,12.1,12.2,16.17432946
2871B,167,23,54.6,97.8,11.8,-1,1.1,11.8,10.8,11.9,15.77206122
2871C,80,23,53.5,99.8,10.7,0.7,-0.1,10.7,11.4,11.3,14.97015447
2873A,219,23,59.9,99,0.1,-0.1,0.1,11.8,11.7,11.8,11.83340338
2873B,220,23,58.6,97.8,10.4,0.3,0.2,10.4,10.7,10.9,14.44241253
2875B,39,23,47.2,86,0.6,0.1,0.5,19.6,19.7,20.2,20.59924906
2880,42,23,48.9,85.6,0.5,1,0.9,27.6,28.6,29.5,30.30352912
2881,143,23,50.2,84.2,0.5,0.1,-0.2,30.5,30.6,30.4,30.526991
2881A,222,23,50.7,82.9,0.1,0.3,0.2,16.1,16.4,16.6,16.80085601
2882,89,23,55.1,82.7,0.5,0.5,0.2,16.7,17.2,17.4,17.79722182
2882A,54,23,54.2,84.1,0.5,0,0,14.4,14.4,14.4,14.56221148
2884,111,23,59.3,82.7,0.4,0.4,0.4,36.4,36.8,37.2,37.6
2886,54,23,55.6,86.2,0.8,0.6,0.8,20.2,20.8,21.6,22.33340338
2886A,89,23,48.4,88,0.3,0.2,0.2,11.4,11.6,11.8,12.0324423
2994,83,23,47.3,99.9,0.4,0.8,0.4,23.1,23.9,24.3,24.83319324
2891A,80,24,67,90,1.3,1.2,1.3,29.2,30.4,31.7,32.96670169
2892,2,24,65.7,91.4,0.5,0.2,0.2,20.7,20.9,21.1,21.39732689
2895,173,24,64.1,94,1.1,1.2,0.9,20.5,21.7,22.6,23.66477952
2898A,68,24,64.4,99.5,12.8,0.4,0,12.8,13.2,13.2,17.48580716
2901,14,24,70.5,89,-0.1,0.2,0.5,28.3,28.5,29,29.2054513
2902,118,24,70.8,95.7,0.1,0,0.4,15,15,15.4,15.56947988
2904,25,24,78.7,98.2,0.6,0.5,0.7,18.2,18.7,19.4,20.00096109
2906,14,24,75.9,83.2,0.3,0.2,0.5,14.5,14.7,15.2,15.53522048
2907,4,24,73.8,81,0.1,0.2,0,12.1,12.3,12.3,12.39903891
2908,190,24,69.6,83.1,0,0.9,0.1,95.8,96.7,96.8,97.13394417
2909,225,24,67.6,81.4,0,-0.2,0.3,14.1,13.9,14.2,14.23618157
2989,153,24,72.4,99.6,1.2,-1.2,0.2,14.5,13.3,13.5,13.55824664
2910A,21,25,82,81.6,3.3,0.3,0.1,13.2,13.5,13.6,14.8047501
2911,226,25,86.4,82.6,14.3,1.3,2.2,33.2,34.5,36.7,42.52583307
2911A,227,25,85.2,83,12.7,0,0.5,12.7,12.7,13.2,17.4914686
2911B,128,25,87.4,84,12.1,0.3,0.4,12.1,12.4,12.8,16.96245036
2912,15,25,90.8,80.7,-2.8,0.1,0.1,11.4,11.5,11.6,10.75917341
2912A,2,25,89.8,81.6,0.3,0.7,0.6,12,12.7,13.3,13.83597142
2913,100,25,91.6,84.9,0.6,0.7,0.6,22.1,22.8,23.4,24.03329831
2914,223,25,94.1,86.2,0.8,1.4,0.7,23,24.4,25.1,26.06553046
2914A,228,25,93.5,85,-0.5,1,0,12.2,13.2,13.2,13.37077161
2914B,197,25,94,83.2,0.2,0,0.2,12,12,12.2,12.33340338
2914C,21,25,96,83.5,0.1,0.2,0,10.2,10.4,10.4,10.49903891
2915,43,25,94.3,86.8,0.7,0.2,0.9,15.8,16,16.9,17.50202725
2917,122,25,88.4,90.3,1,0.7,0.7,24.6,25.3,26,26.79732689
2919,191,25,82.6,89.8,0,0.4,0.3,18.9,19.3,19.6,19.83597142
2920,223,25,80.3,86,0.2,-0.1,0.2,18,17.9,18.1,18.20010507
2920A,18,25,85.3,88.2,0,-1.7,1.9,11.4,9.7,11.6,11.68485725
2921,118,25,80.7,91.6,0.1,-0.1,0.2,15,14.9,15.1,15.16766278
2921A,229,25,80.4,93.4,-0.1,0.2,0,10.8,11,11,11.03415432
2923,14,25,82.7,95.2,1.1,0.7,1.2,18.5,19.2,20.4,21.40106616
2924,223,25,83.4,96.1,0.3,0.6,0.6,16.8,17.4,18,18.50267311
2926,17,25,85.5,98.1,1.3,2.5,0.2,64.8,67.3,67.5,68.82272636
2927,59,25,86.8,95.3,0.8,0.1,0.2,14.8,14.9,15.1,15.46135547
2929,18,25,90.5,95.1,0.1,0.1,0.1,22.1,22.2,22.3,22.4
2930,146,25,93.1,95.1,0.3,0,0.1,61.7,61.7,61.8,61.93158628
2931,230,25,93.5,95.4,-0.4,-0.3,0.2,41.7,41.4,41.6,41.43885468
2932,117,25,91.4,93.7,-0.1,-0.2,-0.1,24.1,23.9,23.8,23.66670169
2933A,14,25,92,93.3,0.6,0.3,0.7,12.2,12.5,13.2,13.73436447
2935,18,25,97.6,94.5,0.4,0.8,0.5,20.5,21.3,21.8,22.36745263
2935A,70,25,97,94.2,1.2,0.5,0.9,13.7,14.2,15.1,15.96413365
2935B,82,25,97.3,95.5,0.6,0.8,0.9,12.6,13.4,14.3,15.0693748
2935C,20,25,99.8,93,0.1,-1.6,0.3,12.9,11.3,11.6,11.20244754
2935D,69,25,96.4,94.1,0.9,1.3,1.1,11,12.3,13.4,14.50171203
2939A,74,25,99.6,82.3,1.3,1.7,0.3,34.7,36.4,36.7,37.79059929
2940,76,26,80,100,0,0.4,-0.1,41.8,42.2,42.1,42.19893384
2940A,16,26,80.9,101.3,0.9,1.4,0.3,21.9,23.3,23.6,24.46093518
2940B,232,26,83.6,104.4,1.1,1.3,1.7,13.8,15.1,16.8,18.17215299
2941,18,26,88.8,105.1,1.9,-0.3,1.1,37.8,37.5,38.6,39.49336205
2941A,69,26,89,106,1.3,1,1.4,16.4,17.4,18.8,20.03436447
2943,219,26,88.3,109.5,0.7,0.5,0.5,21.5,22,22.5,23.06488459
2943A,233,26,89.2,108.8,0.1,-0.1,0.3,14.5,14.4,14.7,14.80192217
2943B,23,26,89.4,108.7,0,0,0.1,10.8,10.8,10.9,10.93425939
2949,202,26,85.1,119.5,0.5,2.1,0.1,52.5,54.6,54.7,55.59573536
2949A,70,26,84.5,118,0.6,0,0.5,14.7,14.7,15.2,15.56595075
2950,234,26,89.7,118.1,0.3,-0.3,0.2,21.9,21.6,21.8,21.86595075
2950A,50,26,91.1,118.5,0.4,0.2,1.1,11.5,11.7,12.8,13.37321915
2952,235,26,97.4,119.4,1,0.8,0.5,35.7,36.5,37,37.76210641
2954A,236,26,98.9,116.9,0,0,0.3,11.3,11.3,11.6,11.70277818
2957A,80,26,94.4,111.8,1.9,1,2.5,32.4,33.4,35.9,37.70587159
2958,18,26,95.5,111.5,1,1.7,0.2,56.7,58.4,58.6,59.559013
2961A,237,26,95.9,108.8,0.7,2.1,-1.7,28.5,30.6,28.9,29.24395085
2962A,80,26,96.6,102.3,2,0.8,1.1,26.9,27.7,28.8,30.09208574
2962B,227,26,98.2,101.2,10.5,0.2,0.8,10.5,10.7,11.5,15.24711289
2963A,128,26,92.3,103.5,0.7,0.6,0.5,14.3,14.9,15.4,15.9981829
2965,15,27,64.2,104.1,0.1,0.1,0,13,13.1,13.1,13.16574061
2965A,2,27,62.2,101.8,10.8,-0.1,0,10.8,10.7,10.7,14.17046969
2966,94,27,68.3,104.2,0.3,1.2,-0.7,25.9,27.1,26.4,26.65709083
2967,125,27,69.1,108,0.7,0.3,0.2,17.7,18,18.2,18.59550979
2967B,50,27,79.2,109.4,0.2,0.6,0.6,15.2,15.8,16.4,16.87023081
2967C,183,27,66.4,107.5,0.9,0.3,1.3,14.9,15.2,16.5,17.33724773
2967E,66,27,70.4,109,0.1,0.1,0.3,10.9,11,11.3,11.46851879
2971,139,27,71.6,115.2,0.7,1,-0.5,29.3,30.3,29.8,30.18878219
2971A,239,27,72,114.5,0.1,0,0.5,17.4,17.4,17.9,18.10373927
2974,94,27,61.2,109.2,0.5,0.8,0.5,32,32.8,33.3,33.89989493
2978,52,27,67.1,117.4,0,0.5,0.6,73.7,74.2,74.8,75.17204791
2978A,240,27,68.1,117.2,0.4,0.5,0.3,17.8,18.3,18.6,18.99903891
2979,241,27,74,115.5,-0.1,-0.1,0.1,13.3,13.2,13.3,13.26851879
2980B,219,27,74.5,118.2,0.2,0,0.2,13.2,13.2,13.4,13.53340338
2982,140,27,78.8,110.3,0.8,1,1.4,32.6,33.6,35,36.07215299
2982A,242,27,79.2,119.2,0,0.2,0.5,13.9,14.1,14.6,14.83789359
2982B,207,27,78.6,118,0.8,0.1,0.7,12.7,12.8,13.5,14.03265244
2987A,14,27,76.6,102.8,0.2,2.5,1.5,31,33.5,35,36.41123324
2987B,207,27,76,103.5,1.2,0.8,1.3,15.8,16.6,17.9,19.00106616
2987D,1,27,77,100.8,12.5,0.6,0.3,12.5,13.1,13.4,17.75785508
2990,80,28,42.8,103.9,0,1.6,0.6,18,19.6,20.2,20.93832931
2993,117,28,49.8,103.8,0.5,-1.1,1.4,45.5,44.4,45.8,46.07556161
2993A,42,28,49.2,103.2,0.6,0.7,1.4,17.6,18.3,19.7,20.60737347
3000,101,28,41.6,108.3,0.3,-0.4,0.2,18.9,18.5,18.7,18.73265244
3000A,22,28,42.2,105.8,15.9,0.4,1,15.9,16.3,17.3,22.9341123
3001A,226,28,40.4,118,0.8,0.6,0.7,12.9,13.5,14.2,14.89914399
3002,94,28,44.3,115.9,0,0.1,0,14.7,14.8,14.8,14.83329831
3002A,244,28,44.7,113.1,1.4,1.2,1.2,32.4,33.6,34.8,36.06488459
3002B,245,28,47.6,113.1,0.2,0.3,0.2,10.8,11.1,11.3,11.53329831
3002C,39,28,48.4,115.2,0.5,0.1,0.7,14.2,14.3,15,15.43532555
3003A,53,28,48.4,111.4,0.2,0.1,-0.2,12.3,12.4,12.2,12.22966411
3003B,246,28,48.6,115.2,0.4,0.6,0.9,18.8,19.4,20.3,20.93789359
3003C,43,28,51.5,111,0.2,0.2,0.9,16.1,16.3,17.2,17.63981576
3003D,238,28,54.6,111.5,0,0.1,1.1,10.5,10.6,11.7,12.11015165
3006,53,28,56.5,113.7,0.1,0.4,2,20,20.4,22.4,23.25082343
3007,247,28,59.4,116,0.7,0.9,1.6,31.9,32.8,34.4,35.47493117
3007B,92,28,56.8,115.1,0,0,0.7,14.4,14.4,15.1,15.33981576
3007C,248,28,56.2,117.4,0.2,0.2,0.9,11.1,11.3,12.2,12.63981576
3007D,249,28,57.4,114.6,0.4,0.3,0.4,10.9,11.2,11.6,11.96670169
3007E,63,28,56.4,117,10.8,0,0.7,10.8,10.8,11.5,15.24358376
3010,3,28,56.9,108.3,0.2,2.7,0.4,116.5,119.2,119.6,120.7009765
3015,250,29,26,101,0,2.1,0.3,64.2,66.3,66.6,67.40204267
3016,194,29,26.8,100.5,0.4,-0.6,0.3,29,28.4,28.7,28.73275752
3017,2,29,31.8,100.1,0,-0.3,0,19.6,19.3,19.3,19.20010507
3018,2,29,31.5,101.9,0.5,0.1,0.2,18.4,18.5,18.7,18.96402858
3022,52,29,29,107.7,0.3,-0.3,0,46.5,46.2,46.2,46.19743196
3023,29,29,27.1,109.1,1.5,1.3,0.1,45.4,46.7,46.8,47.75377186
3023A,14,29,26.4,109.5,0.7,0.9,1.7,20.8,21.7,23.4,24.50919057
3023B,94,29,27.8,108.2,1.2,1.4,1.1,31.1,32.5,33.6,34.83233722
3024,202,29,23.2,108.8,0.2,0.2,0.7,28.6,28.8,29.5,29.87129697
3030,83,29,25.3,113.5,0.1,0.9,0.1,31.1,32,32.1,32.46638647
3034A,14,29,39.6,108.5,1.7,1.5,0.9,30,31.5,32.4,33.75932822
3034B,14,29,22,119.8,10.7,0.1,0.4,10.7,10.8,11.2,14.84166159
3041,68,29,35.1,115.3,0,0.1,0,12.5,12.6,12.6,12.63329831
3042,250,29,36.4,117.3,0,-1.1,1.1,69.4,68.3,69.4,69.41057194
3043,251,29,39.7,117.6,0,0,0.2,27.6,27.6,27.8,27.86851879
3045,110,29,38.1,114.1,0.3,0,0.3,19.8,19.8,20.1,20.30010507
3045A,121,29,38.6,113,0.9,0.8,0.7,14.7,15.5,16.2,16.9981829
3047,101,29,39,109.4,0.1,-0.3,0.6,28,27.7,28.3,28.43810374
3047A,207,29,39.4,108.5,0.7,0.2,0.8,11.6,11.8,12.6,13.16776785
3049,95,29,33.2,116.8,0.4,0.1,0.7,21,21.1,21.8,22.20288326
3050,202,29,38,105.8,0,0,0.2,17.1,17.1,17.3,17.36851879
3052,103,30,3.2,102.9,0.3,0.2,-0.2,28.7,28.9,28.7,28.79540472
3052A,80,30,4.7,104.6,1.1,0.8,1,14.5,15.3,16.3,17.26584568
3052B,8,30,8.7,102.6,10.5,0.3,0.5,10.5,10.8,11.3,14.97763301
3053,163,30,9.3,103,0.1,0.6,0.4,23.8,24.4,24.8,25.16926973
3057,252,30,8.4,110.7,1,0.7,0.8,29.4,30.1,30.9,31.73158628
3060,214,30,2.9,114.5,1.6,0.9,0.6,47.6,48.5,49.1,50.12431789
3060A,50,30,3.3,115,0.8,0.1,0.2,16.9,17,17.2,17.56135547
3067A,14,30,17.4,112.8,0.6,1,0.8,18.4,19.4,20.2,21.00171203
3067B,93,30,16.8,114.3,0.8,0.7,0.6,15,15.7,16.3,16.9981829
3068,208,30,14.5,105.8,4,0.1,1.2,80.8,80.9,82.1,83.8421029
3068A,8,30,13.5,105.5,0.3,0.2,0.2,10.9,11.1,11.3,11.5324423
3068B,96,30,14.2,106.4,0,0.1,1.2,10.1,10.2,11.4,11.84441105
3069,253,30,15.6,112.5,0.9,0.4,0.1,17.8,18.2,18.3,18.7594333
3071,15,31,4.2,125.7,0.4,0,0.6,21.9,21.9,22.5,22.83532555
3071A,254,31,4.8,124.8,0.3,0.1,0.5,12.3,12.4,12.9,13.20192217
3072,255,31,8.1,122.3,0.1,0.1,0.2,11,11.1,11.3,11.43425939
3072A,190,31,7.8,123.3,0,0.7,0.2,70.9,71.6,71.8,72.10160695
3072B,111,31,8,121.4,0,0.5,0.7,13.8,14.3,15,15.40630731
3072C,16,31,7.2,124.3,0.2,0.2,0.3,13.8,14,14.3,14.53425939
3074,34,31,8.8,129.2,1.2,0.9,1.2,35.8,36.7,37.9,39.00010507
3074A,17,31,9.2,128.9,1.1,0.2,2.2,16.2,16.4,18.6,19.77716856
3074C,28,31,13.8,129.8,12,0.5,0.3,12,12.5,12.8,16.96234529
3077,223,31,5.7,131.1,0,-0.8,1.3,14.9,14.1,15.4,15.57898566
3077A,33,31,6.4,131.4,0.8,-1.4,2.7,17.3,15.9,18.6,19.31836571
3077B,22,31,8,131,16.3,0.5,0.1,16.3,16.8,16.9,22.38884524
3079A,53,31,1.4,137.3,-1,0.1,0.3,11.8,11.9,12.2,12.01165353
3079B,226,31,3.3,138,0,0,0.1,14.2,14.2,14.3,14.33425939
3079C,33,31,0.4,138.2,0,0.3,0.8,11.3,11.6,12.4,12.77397009
3080,155,31,7.8,136.2,1.1,1.4,0.2,49.6,51,51.2,52.09156037
3080B,219,31,11.5,138.2,10.8,0,-0.2,10.8,10.8,10.6,14.03524921
3080C,92,31,12.8,137.5,10.9,0.3,0.1,10.9,11.2,11.3,14.97036462
3080D,256,31,15.4,137.2,11.3,3.2,-2.4,11.3,14.5,12.1,16.00929989
3082B,28,31,13.2,131.2,12.5,0.5,1.1,12.5,13,14.1,18.69863192
3087A,257,31,18.5,129.2,14.7,1.2,1,14.7,15.9,16.9,22.41119121
3088,103,31,17.7,121.5,0,-0.1,0.1,15,14.9,15,15.00096109
3088A,207,31,18,122,0.1,0.1,0.1,16.8,16.9,17,17.1
3088B,98,31,17.7,121.2,0.4,0.5,0.5,11.6,12.1,12.6,13.0675577
3090,68,32,20,120,-0.1,-0.1,0.2,13.1,13,13.2,13.20277818
3090B,14,32,25.2,121,1.9,1.5,2.1,19.7,21.2,23.3,25.13532555
3094,23,32,21.4,129.9,2.9,3,2.7,28.6,31.6,34.3,37.16477952
3094A,14,32,30,130,1.7,1.3,1.9,16.8,18.1,20,21.63532555
3094B,14,32,30.8,130.4,1.2,0.8,1.8,13,13.8,15.6,16.87236313
3094C,14,32,33.2,126.6,0.6,0.7,1,12.3,13,14,14.77033589
3094D,17,32,30.2,129.4,1.1,1.1,1.4,13.8,14.9,16.3,17.50277818
3098A,14,32,26.2,133,2.1,1.8,2.4,20.4,22.2,24.6,26.70288326
3098B,260,32,28.2,132.8,0.3,0.2,0.5,13.4,13.6,14.1,14.43522048
3098C,17,32,32,133.5,3.6,3.3,3.7,24.8,28.1,31.8,35.33436447
3098D,207,32,35.3,133,1.4,1.2,1.9,16,17.2,19.1,20.60470036
3104A,17,32,32,133.5,1.1,-3.3,5,13.9,10.6,15.6,16.57099081
3105A,55,32,28.6,139.6,0.7,0.5,0.6,13,13.5,14.1,14.69914399
3108A,14,32,39.6,138,10.8,1.6,0.9,10.8,12.4,13.3,17.6448755
3109,23,32,34.1,131.7,0,0,0.3,14,14,14.3,14.40277818
3110,46,32,32.6,127.6,0.3,0.1,0.4,37.3,37.4,37.8,38.06766278
3113,227,32,37.8,124.2,-0.1,0.3,0.2,12,12.3,12.5,12.63597142
3113A,69,32,33.4,123.6,0.8,2.4,0.1,23.3,25.7,25.8,26.89295718
3113B,8,32,35.8,123.4,0.2,0.1,2.2,11.3,11.4,13.6,14.45188959
3113C,74,32,33.6,125.6,1.4,1.2,1.4,13.8,15,16.4,17.73340338
3114A,14,32,32.6,120.8,1,1.6,2.4,16.6,18.2,20.6,22.27942138
3115,76,32,39.2,121.4,0,0.1,0.6,37.4,37.5,38.1,38.33885468
3116A,29,32,39.1,123.2,0.2,0.1,0.1,11.8,11.9,12,12.1324423
3118A,207,33,41.2,120.4,1.4,0.9,0.1,31.5,32.4,32.5,33.28813632
3120,184,33,47.8,123.6,0.4,0.4,1.2,19.3,19.7,20.9,21.57407516
3121,2,33,50,121.2,0.2,-0.1,0.2,13.8,13.7,13.9,14.00010507
3121A,184,33,51.8,121,0.3,0,0.4,15,15,15.4,15.63436447
3122,2,33,46,126.2,0.3,0,0.3,14.2,14.2,14.5,14.70010507
3123,227,33,46.7,127.3,-0.1,0.3,1.4,15.2,15.5,16.9,17.44708416
3124,186,33,45.3,127.6,0.3,-1.6,2.6,36,34.4,37,37.45529821
3124A,64,33,43.5,128,0.3,0.1,1.3,15.8,15.9,17.2,17.77599733
3125,261,33,47.7,128.5,0.2,0.7,0.1,54.2,54.9,55,55.33223215
3126A,227,33,43,130.4,0.9,0.7,1.2,13.3,14,15.2,16.13618157
3126B,41,33,41.9,132,1.1,1.1,1.4,16.4,17.5,18.9,20.10277818
3126C,163,33,45,131,0.4,0.5,0.4,11.5,12,12.4,12.83329831
3130B,60,33,47,136.6,1.8,0.8,1.8,14.9,15.7,17.5,18.96701691
3130C,184,33,50,137.4,1.4,1.4,1.4,16.4,17.8,19.2,20.6
3132,140,33,54.7,137.6,0.5,0.7,0.6,23,23.7,24.3,24.90085601
3133,264,33,54.8,137.1,0.2,0.5,0.1,24,24.5,24.6,24.86563553
3133A,86,33,57.4,139.6,19.8,0.6,1.2,19.8,20.4,21.6,28.63447726
3134,17,33,55.2,134.6,0.2,1.3,0.2,95.4,96.7,96.9,97.4662814
3134A,14,33,50.8,130.2,13.2,0.6,1.3,13.2,13.8,15.1,20.0275451
3138,52,33,53.8,128.6,-0.7,0.7,0.9,41.3,42,42.9,43.21432664
3141,89,33,56,125.5,0.2,0.2,1,21.1,21.3,22.3,22.77407516
3260,54,33,40,139.6,0.3,-0.1,-0.2,17.8,17.7,17.5,17.49550979
3145,153,34,62.2,124.6,0,0.4,-0.4,16.8,17.2,16.8,16.79615566
3145A,265,34,62.2,123.8,0.1,1.4,0.8,10.9,12.3,13.1,13.87269378
3145B,250,34,62,125.6,0.8,0.3,0.7,19,19.3,20,20.59924906
3150,266,34,65.4,138.3,0.9,0.3,4.6,34.4,34.7,39.3,41.26780775
3150A,246,34,63.4,129.4,0.7,0.7,0.9,15.7,16.4,17.3,18.06851879
3150B,143,34,64.9,128.8,0.1,0.3,0.5,13.2,13.5,14,14.3036342
3152A,259,34,62.4,139.8,6.5,1,2.1,20.5,21.5,23.6,26.76117964
3158,72,34,79.6,134.3,0.5,0,0.2,18.2,18.2,18.4,18.63073027
3158A,20,34,79.5,133.2,0.6,0.5,1.3,15.2,15.7,17,17.80651745
3159,18,34,77.2,132.3,0.1,0.3,-0.3,14.6,14.9,14.6,14.62955904
3159A,14,34,76,131.2,0.7,1,0.6,11.2,12.2,12.8,13.56563553
3161A,268,34,72.8,129,0.1,0,0.2,14.5,14.5,14.7,14.80096109
3161C,70,34,73.4,128.8,0.1,1.1,1,13.5,14.6,15.6,16.34131764
3162,89,34,75.7,129.7,0.4,-0.3,0.3,23.3,23,23.3,23.43265244
3164,133,34,70.3,127.6,-1.7,1.3,0.3,38.6,39.9,40.2,40.18413716
3164A,118,34,70.6,127.8,0.3,0.3,0,11.2,11.5,11.5,11.69722182
3164B,202,34,70.6,126.5,0.1,-0.5,0.7,12.9,12.4,13.1,13.20576652
3164C,80,34,71.4,125.9,3.3,-1.3,1.3,16.8,15.5,16.8,17.88308989
3165,20,34,72.8,124.8,0.6,0.2,0.9,21.5,21.7,22.6,23.16958495
3168,131,34,77.3,125,1,1,0.2,42,43,43.2,43.92592484
3169,18,34,78.4,122,0,0.8,0.2,78.4,79.2,79.4,79.73490526
3169A,269,34,77.8,121.8,0.2,0.1,1.1,14.4,14.5,15.6,16.07503624
3170,57,35,81,120.4,0,-0.1,0.2,17.1,17,17.2,17.23522048
3171,20,35,85.9,120,0.8,0.3,0.9,20.6,20.9,21.8,22.46776785
3179,80,35,89.7,129.4,0,0,0.8,23,23,23.8,24.07407516
3180A,181,35,83.7,127.4,0.3,0.4,0.8,11.3,11.7,12.5,13.00459528
3182A,20,35,82.5,137.6,0.5,0.2,0,23.1,23.3,23.3,23.5288081
3182B,68,35,82,139.6,0.1,0,0.2,11.6,11.6,11.8,11.90096109
3182C,104,35,83.8,132.8,0.4,0.2,0.1,13.3,13.5,13.6,13.8306252
3182D,55,35,84.4,130.2,0.7,0.1,0.1,12.7,12.8,12.9,13.19465378
3184,270,35,88.8,134.8,-0.5,-2.3,3.1,34.4,32.1,35.2,35.33396865
3184A,150,35,88.4,136.7,1.6,1.8,0.2,59.6,61.4,61.6,62.78696509
3184B,180,35,90,133,0.2,0.2,1.2,11,11.2,12.4,12.94259395
3184C,32,35,90.2,138.5,0,0.1,0.1,12,12.1,12.2,12.2675577
3184D,82,35,89.7,139.6,0.1,0.1,0.1,11.6,11.7,11.8,11.9
3188,42,35,93.4,135.5,0.1,3.7,0.2,46.8,50.5,50.7,52.03299852
3188B,14,35,93,137.5,0.7,0.4,0.5,16.5,16.9,17.4,17.93158628
3189,159,35,97.5,134.1,0,0.4,0.1,25.1,25.5,25.6,25.76745263
3190,271,35,97.8,131.7,0.6,0,0.1,53.4,53.4,53.5,53.72891317
3191,9,35,96.9,128,2.2,-2.6,0.4,33.2,30.6,31,30.98501207
3192,52,35,93.7,130.1,1.7,1,2.4,37.4,38.4,40.8,42.5067276
3193,143,35,93.2,130.5,0.6,0.1,0.4,18.9,19,19.4,19.76498967
3194,42,35,97.1,126.5,0.5,0.6,0.8,23.8,24.4,25.2,25.83607649
3195,130,35,97.3,123.6,0.6,0.4,0.1,42.3,42.7,42.8,43.16210641
3197B,20,35,93.7,123,0.8,0.2,0.4,16.2,16.4,16.8,17.26317257
3202A,202,36,85.4,145.2,0.3,1.4,0.2,18.5,19.9,20.1,20.732022
3206A,80,36,83,149,0,-0.1,0,19,18.9,18.9,18.86670169
3211,272,36,89.9,157.6,0.7,-1,2.5,29.7,28.7,31.2,31.95059786
3214,272,36,92.7,157.6,-0.7,-0.6,0.5,30.9,30.3,30.8,30.54441105
3216,272,36,94.4,156.4,1,0.3,-1.1,32.4,32.7,31.6,31.64746455
3217,272,36,93.3,154,-3.4,0,0.2,28.5,28.5,28.7,27.66548072
3220,273,36,96.3,154.4,0.4,0.4,1.1,41.1,41.5,42.6,43.23981576
3224,272,36,98,148,0.4,0.8,0.3,30.5,31.3,31.6,32.09893384
3224A,272,36,98.1,149.2,-0.5,-0.1,1.3,11.2,11.1,12.4,12.64986234
3230,272,36,99.5,143.3,0.3,0.2,2.2,22.2,22.4,24.6,25.51763019
3233A,168,37,67.6,145.2,1.3,-9.4,6.9,23.8,14.4,21.3,20.95560706
3233C,103,37,70.8,146.3,0.2,0.6,0.8,14.2,14.8,15.6,16.1387496
3242C,53,37,67.6,154.4,0.4,0,0.1,15.2,15.2,15.3,15.46402858
3244,9,37,65.8,158.8,0.2,-0.6,0.4,26.2,25.6,26,26.00213232
3244A,38,37,63.8,158.4,0.1,-0.2,0.9,11.2,11,11.9,12.17418023
3244B,276,37,62.2,158.2,-0.5,0,1,11,11,12,12.18038247
3246,52,37,69.8,154.6,0,2.1,0,95,97.1,97.1,97.79926449
3246A,277,37,69.4,155,1,0.2,0.2,17.2,17.4,17.6,18.05953837
3246B,50,37,68.7,155.8,0,0.2,0.4,15.2,15.4,15.8,16.0036342
3246C,16,37,68,156.7,0.3,0.5,1.1,16.3,16.8,17.9,18.54067178
3249B,278,37,73.8,148.2,0,0,0,13,13,13,13
3249C,279,37,76.4,146,0.8,1.2,0.6,17.6,18.8,19.4,20.26467445
3249D,280,37,75.6,150,0.6,0.7,0,21.7,22.4,22.4,22.82774194
3250,221,37,72.1,150,0,0.4,0.6,19.1,19.5,20.1,20.4387496
3250A,258,37,70.4,149.4,0.7,0.3,0.2,22.2,22.5,22.7,23.09550979
3131,68,38,53.5,140.2,0,0.1,0,16.9,17,17,17.03329831
3259,259,38,40.5,140.4,0,-0.3,0.6,23.3,23,23.6,23.70566144
3262A,29,38,43.6,144.2,1.1,0.9,-0.5,14.2,15.1,14.6,15.08525307
3262B,55,38,40.8,141.6,1,0.6,0.8,12,12.6,13.4,14.19828797
3262C,39,38,40.5,143,0.1,1.4,1.4,10.7,12.1,13.5,14.47825015
3263B,69,38,43.9,147.3,-0.4,1,0.4,18.2,19.2,19.6,19.94025148
3263C,96,38,45.1,146.8,1.1,0.4,1.4,12.3,12.7,14.1,15.06969002
3266,94,38,52.2,150.1,0,1.1,0.2,53,54.1,54.3,54.73480019
3266B,173,38,50.6,148.8,0.2,0.2,0.4,12.8,13,13.4,13.66851879
3271,157,38,43.1,153.9,0.5,1.2,1.4,23.2,24.4,25.8,26.84142272
3271A,80,38,42.7,154,11.6,1,1.2,24.2,25.2,26.4,30.9074022
3272,53,38,42.1,154.8,0.6,0.1,0.5,15.8,15.9,16.4,16.79924906
3272A,283,38,40.5,154.6,0.3,0.4,0.2,13.2,13.6,13.8,14.09903891
3274,46,38,49.8,156.8,0.4,0.2,0.1,20.9,21.1,21.2,21.4306252
3274A,50,38,49.6,155,0.5,0.6,1.3,13.9,14.5,15.8,16.60737347
3277,140,38,59.6,151.7,-1.4,2,0.2,48.1,50.1,50.3,50.58029282
3277A,222,38,56.4,150.9,0.4,0.2,0,20.2,20.4,20.4,20.5963658
3277B,54,38,57.2,148.8,0.2,0.1,0,10.7,10.8,10.8,10.8981829
3281A,30,38,55.4,142.3,0.4,0.4,0.6,10.8,11.2,11.8,12.26851879
3281B,190,38,56.2,143.6,1.7,2.9,4,36.1,39,43,45.88754579
3281C,184,38,56.6,142.2,0.2,0.9,1.2,20,20.9,22.1,22.87568211
3281D,50,38,57.4,145.4,0.9,0.1,1,14.5,14.6,15.6,16.26787292
3283,146,39,26.5,141.3,0.7,0.7,0.4,11.8,12.5,12.9,13.49722182
3283A,184,39,27.8,141.4,1.2,1.2,1.3,17.9,19.1,20.4,21.63425939
3284,159,39,28,140.5,0,-0.1,0.3,24,23.9,24.2,24.26947988
3290A,5,39,28,149,0.8,2.2,2.2,19.8,22,24.2,25.94580785
3291,284,39,30.3,149.5,1.4,1,0.5,19.7,20.7,21.2,22.15847221
3293A,43,39,26.6,151.1,0,1.1,0.3,12.6,13.7,14,14.46905958
3294,163,39,21.5,149.1,0.5,0.9,0.3,20.2,21.1,21.4,21.96467445
3294A,94,39,22.1,147,1,1.1,1.3,12.5,13.6,14.9,16.03607649
3294C,285,39,25,147.5,0.9,0.9,1,14.1,15,16,16.93425939
3296,250,39,22.4,153.2,0.2,2.7,1.4,37.6,40.3,41.7,43.14357046
3296A,16,39,22.8,153.5,-2.7,0.4,0.7,16.3,16.7,17.4,16.897067
3296B,285,39,22.1,153.8,0.7,0.7,0.4,12.3,13,13.4,13.99722182
3296C,94,39,23.5,154.2,0,-0.1,0.3,11.2,11.1,11.4,11.46947988
3296D,39,39,20.8,154.6,0.6,0.3,0.5,16.2,16.5,17,17.46584568
3299,41,39,24.7,159.1,0,0.7,0.5,75.8,76.5,77,77.40438514
3299A,80,39,24.4,159.7,0,1.1,3.7,15.6,16.7,20.4,22.03387901
3301A,286,39,33.2,151.7,1,0.3,0.8,14.9,15.2,16,16.69839305
3308,118,39,38.6,147.3,0.6,-0.2,0.3,20.8,20.6,20.9,21.13083534
3308A,285,39,39.6,148,10.5,0.7,0.8,10.5,11.2,12,15.91360443
3309,104,39,37.6,142.5,2.1,0,0.2,22.2,22.2,22.4,23.14980701
3312,136,40,7.1,145.2,0,-0.3,0.3,31.1,30.8,31.1,31.10288326
3312A,189,40,5.8,143.8,0.3,0.4,0.3,17.6,18,18.3,18.63329831
3312B,226,40,5.5,142.8,0.8,0,0.2,13.1,13.1,13.3,13.62805716
3315,223,40,0.4,148,0.2,0.2,0.1,20.6,20.8,20.9,21.06574061
3316,155,40,1.1,150.6,0.6,0.6,1.7,48.6,49.2,50.9,51.87685334
3317,53,40,0.9,152.9,0.2,0.1,0.2,24.5,24.6,24.8,24.96670169
3317A,104,40,8.3,152,0.4,0,0.3,11.5,11.5,11.8,12.03254737
3317B,80,40,5,152.2,10.2,-0.2,0.1,10.2,10,10.1,13.376777
3318A,59,40,3,155,0.7,0.7,0.3,11.2,11.9,12.2,12.76296242
3328,9,40,6.9,148.8,0.4,0.6,1,29.4,30,31,31.67215299
3328A,69,40,13.2,148.4,0.5,-0.2,0.6,16.8,16.6,17.2,17.50117123
3328B,285,40,15.4,149.3,0.7,1,0.6,13,14,14.6,15.36563553
3335,23,41,3,162.3,0.1,-0.1,0.3,14.8,14.7,15,15.10192217
3335A,146,41,8.5,160.7,1.3,0.7,0.9,12.8,13.5,14.4,15.36317257
3341,168,41,2,171.3,-0.1,-0.3,0.4,16.6,16.3,16.7,16.70470036
3341A,287,41,5.2,171,1.3,2.1,0.3,13.9,16,16.3,17.52379252
3341B,163,41,0.7,171.5,0.9,1.3,2.1,12,13.3,15.4,16.84430597
3341C,127,41,2.4,170,0,0.1,0.6,15.4,15.5,16.1,16.33885468
3342,10,41,2.3,175.4,0.3,0.3,1.3,25.4,25.7,27,27.64259395
3346,289,41,10.8,165.7,-10.1,0.9,0.8,100.3,101.2,102,99.29708801
3346B,94,41,8.8,167.6,0.3,0.4,0.4,10.5,10.9,11.3,11.6675577
3347,80,41,17.3,167.7,1.1,0.1,1.5,26.4,26.5,28,28.90405449
3347A,290,41,14.7,171,10.2,1.2,0.4,10.2,11.4,11.8,15.64573151
3347B,232,41,14.4,168.4,10.8,0.3,-0.1,10.8,11.1,11,14.56940353
3353,17,42,28.8,161.1,0.4,1.5,1.5,35.7,37.2,38.7,39.84313474
3353A,242,42,28.6,161.4,0.8,0.5,0.4,17.1,17.6,18,18.56306749
3355,68,42,30.7,161.2,0.3,0,-0.2,13.8,13.8,13.6,13.6288081
3356,207,42,28.4,163.8,0.9,1.5,-8.4,30.9,32.4,24,21.91366614
3359,3,42,23.3,166.9,0.2,0.9,0.3,68.2,69.1,69.4,69.86734756
3359A,33,42,23,168,1.3,1.7,2,19.5,21.2,23.2,24.873009
3359B,9,42,21,167.2,10.4,0.6,0.5,10.4,11,11.5,15.24508564
3362,292,42,21,176.1,0,0.4,0.5,15.5,15.9,16.4,16.70449021
3362A,293,42,22.1,173.5,0.3,0.1,0.1,12.4,12.5,12.6,12.76488459
3363,41,42,22.2,178.1,0.1,-0.1,0.4,13,12.9,13.3,13.43618157
3364,50,42,23.3,177.9,0,-0.2,0.5,13.7,13.5,14,14.10470036
3365,99,42,28.7,173.7,0.6,-2.5,3.8,34.7,32.2,36,36.66405306
3365B,212,42,29.7,173.3,0.1,0.4,0.6,13,13.4,14,14.3711919
3368,178,42,32.1,171.3,0.3,0.2,0.5,19.8,20,20.5,20.83522048
3369,294,42,33.1,171.7,0.8,1.5,1.4,23.1,24.6,26,27.23864453
3371,214,42,37.9,172.6,0.2,0.4,1,39.2,39.6,40.6,41.14067178
3372,7,42,38.1,170,0.2,-0.1,0.3,17.4,17.3,17.6,17.73436447
3372A,232,42,38.8,169.5,0.7,0.7,0.8,13.1,13.8,14.6,15.33425939
3378,184,42,39.1,164.3,0.8,1.2,0.8,26,27.2,28,28.93319324
3380,277,42,35.9,164.5,1.3,1.2,1.6,28.8,30,31.6,32.96947988
3380B,47,42,36.6,164.5,11.8,0.7,0.5,11.8,12.5,13,17.2325761
3373,73,43,40.4,170.8,11.6,0.8,0.1,19.3,20.1,20.2,24.26395224
3381,175,43,41,160.2,0.3,0.7,0.3,21,21.7,22,22.43319324
3381B,232,43,43,160.7,1.1,0.6,1.1,11.9,12.5,13.6,14.53350846
3385,63,43,47.8,160.1,0.2,0.2,0.2,19,19.2,19.4,19.6
3385A,212,43,51.8,160.6,0.4,0.3,0.3,11,11.3,11.6,11.9324423
3386,50,43,49.7,162.9,0.1,0,0.7,27.2,27.2,27.9,28.17225806
3386A,233,43,51.9,163,0.5,0.5,0.7,12.8,13.3,14,14.56851879
3389,53,43,45.3,168,0.6,-0.1,0.8,20.6,20.5,21.3,21.73543063
3389A,2,43,46.4,165.6,0.8,0.3,0.7,14.4,14.7,15.4,15.99924906
3390,38,43,43.7,168.4,0,-0.1,-0.1,14,13.9,13.8,13.7324423
3392,50,43,40.5,171.3,0.5,0,0.6,24.8,24.8,25.4,25.76776785
3396,213,43,45.8,172.7,0,0.1,-0.2,25.5,25.6,25.4,25.36477952
3399,296,43,44.5,177.8,0.3,0.8,0.4,27.5,28.3,28.7,29.20075094
3400,259,43,42.6,178.7,0.4,0.6,1.3,41.7,42.3,43.6,44.37493117
3402,18,43,52.9,177,0.1,-0.1,0.2,10.9,10.8,11,11.06766278
3402A,17,43,52.4,177,0,0,0,12.8,12.8,12.8,12.8
3403,64,43,57.1,178.9,0.5,0.8,0.7,49.5,50.3,51,51.66841372
3403A,29,43,55.3,179.4,0.5,0.4,-0.1,11.5,11.9,11.8,12.06114532
3404A,33,43,57,175.5,0.3,0.5,0.8,17,17.5,18.3,18.83789359
3405,260,43,54.4,174.2,16.1,1.1,1,28,29.1,30.1,36.03208505
3406,80,43,53.8,172.5,0.5,0.2,0.7,28,28.2,28.9,29.36862386
3407,2,43,54.4,172.2,0.3,-0.2,0.2,31,30.8,31,31.09924906
3408,297,43,56.5,171.1,0,1,0,93.2,94.2,94.2,94.53298309
3408A,285,43,56.4,170,10.1,0.1,0.2,10.1,10.2,10.4,13.77848902
3410,104,43,56.7,168.5,0.3,-6.2,6.3,23.9,17.7,24,24.19117361
3410A,17,43,55.1,167.2,0.5,0.7,0.7,11.8,12.5,13.2,13.83511541
3411,189,43,59.1,171,2.1,0,0.7,18.9,18.9,19.6,20.52110399
3412,135,43,59.9,165,1.8,0,-0.1,12.8,12.8,12.7,13.24970194
3412A,241,43,57.3,160,0.1,0.5,-0.4,14,14.5,14.1,14.16189626
3413,285,43,59.5,162.7,13.4,0.3,0.3,13.4,13.7,14,18.54994082
3413A,39,43,60,162.8,20.5,0.7,0.3,20.5,21.2,21.5,28.48653709
3415,251,44,69.6,163.2,0.2,0.3,0.3,45.4,45.7,46,46.2675577
3415A,159,44,67,165.8,0.2,0.3,0.5,25.2,25.5,26,26.33607649
3416,20,44,70.1,163.1,0.5,1,-0.9,24.5,25.5,24.6,24.78686002
3416B,269,44,71.3,163.2,0.1,0.1,0.1,13.8,13.9,14,14.1
3416C,70,44,70.4,163,0.7,0.4,0.6,13,13.4,14,14.56584568
3417A,277,44,68.3,170.1,0.3,0.1,0.2,19.8,19.9,20.1,20.29914399
3417B,70,44,72.1,167.9,0.5,-0.1,0.2,15.7,15.6,15.8,15.99743196
3420,259,44,64.1,169.9,-0.3,-0.4,1.4,38.6,38.2,39.6,39.8491114
3420A,16,44,65,172,-0.1,0,-0.5,12.1,12.1,11.6,11.39626073
3420B,298,44,64,172.2,0.2,-0.1,0.6,10.3,10.2,10.8,11.03714265
3425A,5,44,75.1,178.7,0.9,1.4,1.1,15.9,17.3,18.4,19.53501033
3425B,5,44,72.7,178.5,2,1.6,0.4,20,21.6,22,23.31865645
3430A,80,44,70.9,173,1.3,2,0.6,26.1,28.1,28.7,29.9932724
3430B,2,44,73.3,173.5,-3,0.8,-0.8,11.8,12.6,11.8,10.81904242
3431,55,44,75.1,170.2,0.3,0.1,0.5,18.7,18.8,19.3,19.60192217
3431A,128,44,74.4,170.4,0.1,-0.1,-0.1,10.8,10.7,10.6,10.56488459
3431B,70,44,74.1,169,0.3,-0.2,-0.3,11.3,11.1,10.8,10.72795209
3432B,133,44,78.8,169.4,10.3,0.6,0.1,10.3,10.9,11,14.57560577
3433A,57,44,70.4,163.2,10.1,0.1,0.1,10.1,10.2,10.3,13.64422963
3436,2,45,80.2,169.6,0.2,-0.1,-0.2,20.4,20.3,20.1,20.06306749
3436A,42,45,85.4,168.3,0,1.2,-0.7,13.6,14.8,14.1,14.25976394
3436B,20,45,82.9,168.6,0,0,0.1,16.3,16.3,16.4,16.43425939
3438,272,45,86.1,179.1,0.1,-0.1,0.3,16.1,16,16.3,16.40192217
3438A,59,45,82.8,178.7,11.8,0.2,0.6,11.8,12,12.6,16.70034395
3439,272,45,87.3,177.2,0,0,2.1,23.5,23.5,25.6,26.31944729
3439A,272,45,86.8,176,0.2,-0.2,0.2,24.3,24.1,24.3,24.36680676
3441,272,45,89.6,178.1,0,0.8,0.9,25.9,26.7,27.6,28.17472102
3442,272,45,87.5,171.7,2,-2,-0.2,19.5,17.5,17.3,17.21436096
3442A,276,45,85.8,172,0.5,-0.1,0.1,10.8,10.7,10.8,10.96317257
3443,272,45,88.4,170.2,-0.2,0.9,0.3,18.8,19.7,20,20.33757837
3444,272,45,89.2,169.1,-0.1,0.9,0.2,38.2,39.1,39.3,39.63576127
3446,272,45,91.3,162.7,0.1,-2.9,0.1,47.1,44.2,44.3,43.40105073
3450,272,45,94,174.6,0,0.1,0.4,48.1,48.2,48.6,48.77033589
3450A,272,45,92.2,174.5,0,0.6,0.8,16.6,17.2,18,18.47386501
3451,272,45,92.8,175.9,0,0,0.2,32.5,32.5,32.7,32.76851879
3452,272,45,93.7,177.7,0,0.1,0.2,15.4,15.5,15.7,15.8018171
3453,272,45,95.9,177.1,0,0.2,0.3,13.8,14,14.3,14.4693748
3453A,272,45,99.2,177.7,0.2,0.1,0.3,12.8,12.9,13.2,13.40096109
3454,272,45,95.6,178.4,0.2,-2.6,0.1,34.7,32.1,32.2,31.43338796
3455,272,45,95.8,179.6,0.2,0.9,1.3,25.8,26.7,28,28.80994151
3460,181,46,81.7,190.3,0.6,0.4,1.1,53,53.4,54.5,55.20470036
3460A,299,46,82.4,189.5,0,0.1,0.1,13.7,13.8,13.9,13.9675577
3460B,53,46,82.6,186.4,1.7,3.7,0.6,16.3,20,20.6,22.58911284
3460C,300,46,83.4,185.1,1.2,1.1,0.9,22.8,23.9,24.8,25.86392351
3465,301,46,87.6,194.6,0,0.3,0.5,61.5,61.8,62.3,62.5711919
3465A,139,46,88,194.4,0.2,-0.1,0.4,13.2,13.1,13.5,13.66862386
3470,272,46,89.9,191.9,0,1.1,3.9,32.5,33.6,37.5,39.2023978
3473,272,46,87.8,184.7,0,-0.1,0.1,19.2,19.1,19.2,19.20096109
3474,272,46,88.5,184.6,0.1,1.1,2.3,49,50.1,52.4,53.58668977
3476,272,46,94.5,192,0.1,-0.1,0.1,16.4,16.3,16.4,16.43340338
3476A,272,46,95.2,191.3,0,0.5,0.1,10.7,11.2,11.3,11.50075094
3477,272,46,94.9,196.7,0,1.2,-0.4,17.3,18.5,18.1,18.36254213
3478,272,46,95.5,198.2,0,0.1,0.8,36.2,36.3,37.1,37.40737347
3480,272,46,98.8,199.3,0.1,0.2,0.2,12.2,12.4,12.6,12.7675577
3480A,272,46,96.4,199.5,0,0.6,1.3,13.2,13.8,15.1,15.74516199
3482,272,46,91.6,199.5,0,-0.4,0.1,21.9,21.5,21.6,21.50106616
3482A,272,46,89.4,199.6,0,0.6,-0.1,12.5,13.1,13,13.16553046
3482B,272,46,87.8,199.8,0,-0.1,-0.1,10.3,10.2,10.1,10.0324423
3483,272,46,91.9,180,0,0.1,3.3,28,28.1,31.4,32.56385834
3485,272,46,95.2,188.4,0,-0.2,-0.8,21.6,21.4,20.6,20.25932822
3485A,272,46,92.1,188.8,0,-0.2,0.7,16.8,16.6,17.3,17.47321915
3486,272,46,90.3,185.7,0,0.6,0.4,21.8,22.4,22.8,23.13682743
3487,272,46,91.7,183.9,0,0.9,1.6,19.1,20,21.6,22.4478351
3488,272,46,99.5,185.9,0,1.3,0.4,32,33.3,33.7,34.26991559
3488A,272,46,99.6,184.2,0.1,0,0.6,15.1,15.1,15.7,15.93799867
3489,272,46,99.9,183.7,0,1.5,0.8,18.2,19.7,20.5,21.27354979
3491,272,46,99.6,181.2,0.1,0.3,0.4,25.1,25.4,25.8,26.0693748
3491A,272,46,98.6,181,0.1,0.1,0.7,11.4,11.5,12.2,12.50555637
3492,272,46,99.7,180.6,0,0.1,1.4,14.1,14.2,15.6,16.11292984
3493,272,46,94.3,180.5,0.1,0,0.8,13,13,13.8,14.10651745
3493A,272,46,93,180.4,0,-0.1,0.2,15.7,15.6,15.8,15.83522048
3494,272,46,92.4,181.9,-0.2,0.1,0.5,15.1,15.2,15.7,15.83971069
3497A,27,47,64.6,182.4,2.3,0.1,0.2,13.1,13.2,13.4,14.24798991
3497B,58,47,63.8,184.6,0.4,0.1,1.3,11.2,11.3,12.6,13.20843963
3497C,302,47,62.7,186.4,0,0.3,0.4,19.6,19.9,20.3,20.53693251
3499A,45,47,62.6,189,0.9,2.2,2.5,25.1,27.3,29.8,31.68102833
3503A,5,47,69.2,196.3,0.2,1.3,0.8,17.2,18.5,19.3,20.07183777
3504,140,47,62.2,196,-0.8,0.1,1.5,13,13.1,14.6,14.88765086
3504A,247,47,63.7,194.5,1.3,0.2,0.4,33.5,33.7,34.1,34.72538405
3504B,303,47,66.5,197.2,0.8,0.4,0.6,11.5,11.9,12.5,13.09828797
3504C,184,47,61.4,196.4,0.2,0,0,11.1,11.1,11.1,11.16488459
3505,102,47,62.7,196.4,-0.1,0,0.1,12,12,12.1,12.1018171
3505A,102,47,63.1,193.2,0,0,0,12.6,12.6,12.6,12.6
3506A,14,47,62,198.5,0.4,0.4,2.3,23.2,23.6,25.9,26.9509285
3506B,21,47,61.3,199.8,-0.1,0,-0.1,11.9,11.9,11.8,11.73329831
3512,5,47,79.3,194.6,1.2,0.5,0,63.7,64.2,64.2,64.7557991
3512A,304,47,79.1,195.5,0.6,0.4,0.5,11.5,11.9,12.4,12.89914399
3512B,305,47,76.5,193.3,0.5,0.3,-0.1,10.8,11.1,11,11.22784701
3512C,104,47,79,192.5,0.4,0,0.2,13.5,13.5,13.7,13.89828797
3516,23,47,77.4,188.2,0.1,-0.2,0.1,17,16.8,16.9,16.90010507
3516A,9,47,79.2,184.5,0.8,2.2,0.8,30.5,32.7,33.5,34.76617632
3516B,39,47,76.7,188,0.1,-0.1,0.3,10.3,10.2,10.5,10.60192217
3518A,306,47,68.6,189.6,0.2,-0.2,0.1,13.8,13.6,13.7,13.73254737
3518B,200,47,68.4,190.3,0.9,-0.1,0,21.1,21,21,21.25868236
3518C,39,47,69.5,191.1,0.9,0.6,0.7,14.4,15,15.7,16.43158628
3521,36,47,74.1,180.9,0.1,0,0.2,15.3,15.3,15.5,15.60096109
3521A,285,47,73.8,182.8,0.7,0.8,-0.9,15.2,16,15.1,15.28514799
3521B,52,47,71.1,182.2,1.2,0.4,0.3,24.5,24.9,25.2,25.82527898
3521C,143,47,70.4,181.4,0.1,0.5,0.2,11.1,11.6,11.8,12.06745263
3495A,14,48,55.3,182.2,-0.2,0.3,0.4,21.6,21.9,22.3,22.47204791
3522,240,48,41.7,181.2,0.4,1.1,1,48.1,49.2,50.2,51.03864453
3524,189,48,43.7,184.5,1.5,0.6,0.7,40.2,40.8,41.5,42.42624006
3525,118,48,49.2,184,0,0.1,0,20.8,20.9,20.9,20.93329831
3525B,285,48,49.4,185,0.4,0.3,1.2,11.7,12,13.2,13.84077685
3527A,70,48,52.4,189,0.2,0,0.2,13,13,13.2,13.33340338
3528,15,48,45.7,189.7,0.6,0.3,0,27.2,27.5,27.5,27.7945487
3528A,231,48,46.3,190.8,0.4,0.1,0.1,14.7,14.8,14.9,15.09732689
3529A,33,48,43.7,194.9,1.5,1.6,0.8,33.4,35,35.8,37.09348255
3529B,20,48,43.6,195.1,0.3,0.2,0.4,11.9,12.1,12.5,12.80096109
3530A,141,48,51.8,194.7,0.7,0.6,0.8,18.8,19.4,20.2,20.90096109
3531,39,48,50.5,193.5,0.3,0.2,0.2,24,24.2,24.4,24.6324423
3532,42,48,49.7,199.3,0,0.1,0,19.9,20,20,20.03329831
3532A,285,48,49.2,197.6,0.6,-0.4,0.3,17.9,17.5,17.8,17.96423873
3533A,215,48,54.8,199.6,0.2,0,0.4,16.2,16.2,16.6,16.80192217
3533B,14,48,57.3,196.6,1.3,1.5,0.7,28.5,30,30.7,31.86104025
3534,307,48,57.5,191.5,4.9,0.5,0.8,81.9,82.4,83.2,85.23023922
3534A,39,48,55.8,190.2,0.3,-0.1,0.7,21.7,21.6,22.3,22.60384434
3535,203,48,52.3,189.9,0,0.1,0,38.2,38.3,38.3,38.33329831
3536,169,48,58.1,184.4,1.7,1.5,0.8,31.5,33,33.8,35.12506883
3538A,232,48,53.7,185.2,1.7,0.7,0.2,30.5,31.2,31.4,32.25312599
3539,252,48,56.5,180.6,1.3,-0.1,0.7,32.6,32.5,33.2,33.82826731
3540,213,49,25.3,181.1,0.8,-0.2,0.2,26,25.8,26,26.26146054
3544,80,49,25.7,188.9,0.5,0.1,1.9,32.1,32.2,34.1,34.94643829
3544A,63,49,23.9,191.4,0.2,0,0.1,12.9,12.9,13,13.09914399
3544B,104,49,22.9,190.4,0.6,1,0.9,16.7,17.7,18.6,19.43597142
3544C,308,49,27.2,190,0.2,0,0,13.8,13.8,13.8,13.86488459
3545A,309,49,20.8,186.6,10.6,-0.1,1.8,10.6,10.5,12.3,16.32225421
3546,80,49,32.1,194.7,1.6,1.1,0.6,45.2,46.3,46.9,47.99091451
3546A,16,49,31.9,191,0,-0.1,0.5,15.8,15.7,16.2,16.33799867
3546B,72,49,32.5,196.7,0.8,0,0.7,15.3,15.3,16,16.49935413
3546C,123,49,32.7,192.2,0.2,0.2,0.3,13.8,14,14.3,14.53425939
3546E,225,49,31,194.5,0.3,0.3,0.3,11.9,12.2,12.5,12.8
3547A,86,49,37.5,194.5,0.2,0.4,0.2,21.5,21.9,22.1,22.36659662
3547B,33,49,36.3,194.4,3.2,2.7,2.3,42.3,45,47.3,50.0251739
3547C,285,49,35.1,195,0.2,0,0.4,12.2,12.2,12.6,12.80192217
3551,162,49,36.9,184.4,13.5,0.5,-0.1,13.5,14,13.9,18.41194215
3551A,33,49,39,187.2,2,1.3,1.4,47.5,48.8,50.2,51.76135547
3551C,133,49,34.6,183.7,-0.2,0.3,0.1,13.7,14,14.1,14.16926973
3552,117,49,35.9,180.6,-5,-0.3,0.6,26.5,26.2,26.8,25.28354663
3552A,80,49,35.6,182.6,7.6,0.5,0.6,32.8,33.3,33.9,36.73766243
3553A,7,50,4.8,190,0.2,0.5,0.3,15.7,16.2,16.5,16.83415432
3554A,57,50,3,186.8,0.1,0.1,0.5,13.1,13.2,13.7,13.93703758
3554B,310,50,2.7,186.2,1.7,2,1.7,32.9,34.9,36.6,38.39989493
3555A,104,50,5.4,191.2,0.1,0.3,0.5,22.5,22.8,23.3,23.6036342
3555B,22,50,5.8,192.4,0.7,0.5,1.6,20.5,21,22.6,23.54173794
3555C,72,50,4.8,190.8,0.4,0.4,1.3,10.7,11.1,12.4,13.10833455
3556A,282,50,1.7,191.1,0.8,0.5,1.2,11.7,12.2,13.4,14.23714265
3558,295,50,10.2,197.9,-0.6,0.3,-0.3,29.3,29.6,29.3,29.10246296
3561A,311,50,17.1,187.4,0.4,0.3,0.3,21.9,22.2,22.5,22.8324423
3561B,140,50,17.8,182.6,0.9,0,0.6,26.4,26.4,27,27.49753704
3561C,50,50,19.5,184.7,0.5,0.5,1.1,20.1,20.6,21.7,22.40555637
3561E,173,50,18.6,198,11.2,0.5,0.4,11.2,11.7,12.1,16.03706631
3564,173,50,19.2,191.3,0.4,0.6,0.4,27,27.6,28,28.46659662
3566,50,50,16.6,198.1,0.3,0.2,0.4,32.5,32.7,33.1,33.40096109
3567,89,50,19.9,197.1,0.2,0.6,0.8,23,23.6,24.4,24.9387496
